Date,Momentum_Close,Value_Close,Momentum_Value_Ratio,MA_30_Week
2005-04-01,1000.0,1000.0,1.0,1.0
2005-04-08,979.83,981.15,0.9986546399633084,0.9993273199816541
2005-04-15,951.85,952.84,0.9989610007976155,0.9992052135869747
2005-04-22,965.11,955.03,1.0105546422625469,1.0020425707558678
2005-04-29,924.62,909.96,1.0161105982680556,1.0048561762583053
2005-05-06,965.34,955.87,1.0099072049546487,1.0056980143743626
2005-05-13,979.8,961.8,1.018714909544604,1.0075575708272542
2005-05-20,987.48,961.5,1.0270202808112325,1.0099904095752514
2005-05-27,1013.73,986.21,1.0279048072925645,1.0119808982105085
2005-06-04,1009.69,982.94,1.0272142755407248,1.0135042359435302
2005-06-10,1024.38,987.18,1.037683097307482,1.0157023142493438
2005-06-17,1030.48,983.27,1.0480132618711036,1.0183948932178237
2005-06-24,1042.78,1003.15,1.0395055574938943,1.0200187904698292
2005-07-01,1051.13,1005.0,1.045900497512438,1.0218674838300157
2005-07-08,1065.08,1011.84,1.0526170145477545,1.0239174525445316
2005-07-15,1071.42,1033.69,1.0365003047335275,1.0247038808063438
2005-07-22,1103.07,1056.16,1.0444156188456293,1.0258633948086546
2005-07-29,1143.5,1088.12,1.0508951218615594,1.0272540463115938
2005-08-05,1157.98,1114.18,1.0393114218528423,1.0278886450242912
2005-08-12,1158.41,1106.57,1.046847465591874,1.0288365860526703
2005-08-19,1154.95,1105.65,1.0445891557002667,1.0295867084168415
2005-08-26,1134.96,1088.57,1.042615541490212,1.0301789281019949
2005-09-02,1158.81,1114.74,1.0395338823402767,1.0305856652427896
2005-09-09,1190.38,1142.21,1.0421726302518801,1.0310684554515017
2005-09-16,1232.57,1180.07,1.0444888862525104,1.031605272683542
2005-09-23,1195.34,1152.23,1.0374144051100909,1.0318287008537939
2005-09-30,1246.8,1206.45,1.0334452318786522,1.0318885723732332
2005-10-07,1230.32,1205.4,1.0206736353077814,1.03148803890661
2005-10-14,1180.29,1157.22,1.0199357079898377,1.0310896826681004
2005-10-21,1150.81,1118.64,1.028758134878066,1.0310119644084326
2005-10-28,1091.62,1053.25,1.0364300973178258,1.0322263009856936
2005-11-02,1150.56,1089.68,1.055869613097423,1.0341334667568307
2005-11-11,1219.43,1161.53,1.0498480452506609,1.0358297015719322
2005-11-18,1256.04,1181.18,1.0633773006654361,1.0375904568520284
2005-11-26,1326.16,1189.44,1.1149448479956954,1.0408849318429498
2005-12-02,1349.91,1198.63,1.1262107572812294,1.0447617169205026
2005-12-09,1379.26,1190.87,1.1581952690050132,1.0494110622358497
2005-12-16,1392.15,1240.33,1.1224029089032759,1.0525904831722508
2005-12-23,1381.69,1240.58,1.1137451837043963,1.0554518290526453
2005-12-30,1396.2,1262.39,1.1059973542249226,1.0580779316754518
2006-01-06,1441.88,1322.92,1.0899222931091828,1.0598192382021752
2006-01-13,1430.71,1295.3,1.1045394889214855,1.0617034457705212
2006-01-20,1465.66,1281.32,1.14386726188618,1.0651821692502643
2006-01-27,1519.01,1300.72,1.1678224368042314,1.069246233893324
2006-02-03,1502.36,1284.46,1.169643274216402,1.0731471092156122
2006-02-10,1550.08,1314.4,1.1793061472915398,1.077907303967546
2006-02-17,1530.69,1295.56,1.181489085800735,1.0824764195327163
2006-02-24,1550.96,1322.33,1.1728993519015678,1.0865432272007165
2006-03-03,1653.2,1331.77,1.2413554893112175,1.093278029449329
2006-03-10,1689.92,1338.32,1.262717436786419,1.1004736951558136
2006-03-17,1683.89,1343.98,1.2529129897766336,1.1074178229583596
2006-03-24,1704.84,1366.96,1.2471762158366009,1.114236512103239
2006-03-31,1765.65,1396.48,1.2643575274977086,1.1217306336084867
2006-04-07,1839.37,1420.88,1.294528742750971,1.1301425040251232
2006-04-13,1770.62,1392.14,1.2718692085566106,1.1377218481019264
2006-04-21,1845.33,1437.59,1.2836274598459922,1.1459289499264564
2006-04-29,1886.24,1427.27,1.321571952048316,1.155533173932112
2006-05-05,1936.45,1507.47,1.284569510504355,1.164329703105331
2006-05-12,1925.95,1492.41,1.2904965793582193,1.1733483988176103
2006-05-19,1607.53,1291.41,1.2447867060035154,1.1805493511884586
2006-05-26,1611.79,1298.33,1.2414332257592446,1.1873827888031727
2006-06-02,1567.45,1224.77,1.279791307755742,1.1948468452917835
2006-06-09,1441.02,1099.2,1.310971615720524,1.2035509643074456
2006-06-16,1451.34,1086.59,1.3356831923724681,1.2126278273643465
2006-06-25,1531.83,1151.13,1.3307185113757785,1.2198202828103493
2006-06-30,1552.3,1124.17,1.3808409760089664,1.2283079567679407
2006-07-07,1538.24,1096.46,1.402914835014501,1.2364652756349235
2006-07-14,1559.17,1085.03,1.4369833092172568,1.246951288978723
2006-07-21,1444.93,1029.14,1.4040169461880794,1.2566270143948455
2006-07-28,1539.77,1119.37,1.3755684000821893,1.2656127159234212
2006-08-04,1560.94,1128.26,1.3834931664687218,1.2753984117020722
2006-08-11,1626.44,1189.22,1.3676527471788231,1.2841688536439835
2006-08-18,1685.9,1231.24,1.3692700042233845,1.291682278388557
2006-08-25,1692.89,1256.99,1.3467808017565772,1.297647557220302
2006-09-01,1714.63,1293.39,1.325686761147063,1.3028490067846574
2006-09-08,1745.89,1331.42,1.3112992143726248,1.30724877568736
2006-09-15,1750.43,1357.35,1.2895936935941357,1.3108522626138068
2006-09-22,1777.61,1359.82,1.3072391934226588,1.3153302573311767
2006-09-29,1797.42,1414.11,1.271060949996818,1.31632043935403
2006-10-06,1787.68,1436.22,1.2447118129534473,1.315720251892931
2006-10-13,1848.99,1429.46,1.2934884501839856,1.3170727672398426
2006-10-21,1850.85,1391.09,1.3305034181828639,1.3198503406513848
2006-10-27,1884.63,1426.81,1.3208696322565725,1.3217340774766804
2006-11-03,1894.29,1426.5,1.3279284963196636,1.3228474025956365
2006-11-10,1920.05,1397.2,1.3742127111365587,1.326258852681635
2006-11-17,1922.15,1427.32,1.3466846957935152,1.3283607605465524
2006-11-24,1969.85,1439.63,1.368302966734508,1.329918461036092
2006-12-01,2006.35,1426.89,1.4060999796760787,1.3339694766751498
2006-12-08,1997.33,1412.43,1.4141090177920321,1.33808989128961
2006-12-15,1965.56,1347.73,1.4584226811008139,1.34521109045952
2006-12-22,1930.38,1340.18,1.4403886045158114,1.3518429364180722
2006-12-29,1990.93,1374.4,1.4485811990686845,1.3574692661285035
2007-01-05,1993.29,1398.71,1.4250916916301448,1.361273268658824
2007-01-12,2012.25,1417.84,1.4192363031089545,1.3640583723500406
2007-01-19,2037.05,1430.94,1.4235747131256375,1.367153579075036
2007-01-25,2025.97,1429.98,1.4167820528958448,1.368351614971265
2007-02-02,2046.24,1419.94,1.4410749749989435,1.3696236196374132
2007-02-09,2028.55,1397.6,1.4514524899828278,1.3701059256629322
2007-02-15,2010.0,1348.42,1.4906334821494787,1.372993143528312
2007-02-23,1895.64,1268.07,1.4949017010101968,1.3769709202259122
2007-03-02,1796.43,1229.46,1.4611536772241471,1.37955960391776
2007-03-09,1783.54,1188.56,1.5005889479706536,1.383990810610821
2007-03-16,1732.86,1166.71,1.485253404873533,1.3878569239658256
2007-03-23,1846.49,1256.61,1.4694216980606554,1.3919449538426283
2007-03-30,1826.31,1240.11,1.4727000024191403,1.3968453952183644
2007-04-05,1804.43,1218.59,1.4807523449232312,1.4024938329033845
2007-04-13,1903.45,1266.91,1.50243505852823,1.4095885450678545
2007-04-20,1975.5,1327.23,1.4884383264392758,1.4156285161684081
2007-04-27,1997.0,1376.22,1.4510761360828937,1.4216290223712775
2007-05-04,2027.16,1408.67,1.4390595384298666,1.4281072798871581
2007-05-11,2013.85,1409.57,1.4286981136091148,1.432614268667996
2007-05-18,2076.79,1499.24,1.385228515781329,1.4344384385879445
2007-05-25,2094.47,1482.15,1.413129575279155,1.4375137700220304
2007-06-01,2127.6,1508.53,1.4103796411075682,1.4402621415149608
2007-06-08,2075.93,1427.52,1.454221306881865,1.442929094706471
2007-06-15,2115.44,1426.06,1.4834158450556079,1.4474867996818743
2007-06-22,2178.74,1485.2,1.466967411796391,1.45077561451727
2007-06-29,2231.57,1513.79,1.4741608809676376,1.4530443112269888
2007-07-06,2272.61,1513.2,1.5018569918054454,1.4559692436941027
2007-07-13,2361.95,1598.2,1.4778813665373545,1.4566178665419873
2007-07-20,2375.05,1627.99,1.458884882585274,1.4572344091443028
2007-07-27,2302.27,1554.18,1.481340642654004,1.4583263905971469
2007-08-03,2288.73,1539.43,1.4867385980525258,1.460381287477893
2007-08-10,2233.67,1528.03,1.4617972160232457,1.4617999845750356
2007-08-17,2093.78,1432.58,1.4615449049965799,1.4630656576374006
2007-08-24,2126.15,1407.17,1.510940398103996,1.4662042691443389
2007-08-31,2297.93,1523.54,1.508283340115783,1.4684445479815667
2007-09-07,2341.72,1566.75,1.4946353917344821,1.4698839780399553
2007-09-14,2372.72,1594.05,1.4884853047269533,1.4698123721258713
2007-09-21,2548.48,1698.9,1.5000765201012418,1.4699848660955726
2007-09-28,2675.34,1830.49,1.4615430840922377,1.469997846324509
2007-10-05,2793.38,1806.8,1.5460371928270977,1.4715127878197238
2007-10-12,2963.53,1803.33,1.6433653296956188,1.4767831853137934
2007-10-19,2719.5,1694.76,1.6046519861219288,1.4812908615825024
2007-10-26,3200.88,1886.04,1.6971432207164219,1.4887723021924117
2007-11-02,3523.45,1985.08,1.774966248211659,1.4985794323020263
2007-11-09,3396.71,1992.58,1.704679360427185,1.5053209090319912
2007-11-16,3579.57,2242.47,1.5962621573532758,1.5089150367291246
2007-11-23,3529.23,2029.31,1.7391280780166658,1.5185167681269172
2007-11-30,3695.2,2130.32,1.7345750873108263,1.528367286422949
2007-12-07,3873.42,2249.82,1.7216577326186093,1.5381326070565988
2007-12-14,3932.52,2378.17,1.6535907861927448,1.5470780160703126
2007-12-20,3663.08,2245.19,1.6315233900026278,1.5543578098944286
2007-12-28,3931.43,2446.86,1.6067245367532264,1.5609026397492836
2008-01-04,4150.32,2629.66,1.5782724762897105,1.5650376787295452
2008-01-11,3967.0,2408.89,1.6468165835716866,1.5704843700134143
2008-01-18,3692.02,2265.45,1.6297071222053015,1.5759090270270448
2008-01-25,3376.7,2038.43,1.6565199687995171,1.5819876632881074
2008-02-01,3225.42,1965.24,1.6412346583623374,1.5866335855066707
2008-02-08,3125.53,1978.41,1.5798191476994152,1.5900315115454058
2008-02-15,3192.86,2040.63,1.5646442520202095,1.5935568238599036
2008-02-22,3055.17,1961.5,1.557568187611522,1.5960977420251543
2008-02-29,3104.67,2014.41,1.5412304347178578,1.5979141365806655
2008-03-07,2665.2,1798.08,1.4822477309129738,1.5985958204103232
2008-03-14,2652.91,1753.63,1.512810570074645,1.6003046759129254
2008-03-19,2449.49,1634.21,1.4988832524583742,1.5999027710580713
2008-03-28,2679.51,1771.45,1.5126083152219933,1.6000469368949448
2008-04-04,2444.29,1701.05,1.436930131389436,1.5981234282167767
2008-04-11,2599.47,1766.48,1.4715535981160273,1.5975590379964124
2008-04-17,2715.55,1829.22,1.4845398585189316,1.597041149277002
2008-04-25,2873.58,1886.65,1.5231123949858214,1.5990934596401218
2008-05-02,2979.49,1940.5,1.5354238598299406,1.5987396818735498
2008-05-09,2739.93,1865.3,1.4688950839007129,1.5929240070137196
2008-05-16,2924.74,1918.7,1.524334184604159,1.5902467469631272
2008-05-23,2810.3,1861.63,1.5095910572992486,1.5839950081825547
2008-05-30,2706.56,1803.1,1.5010592867838723,1.574864776134962
2008-06-06,2512.57,1661.62,1.512120701484094,1.5684461541701922
2008-06-13,2479.5,1622.56,1.5281407159057292,1.566175439455274
2008-06-20,2350.57,1574.92,1.4925012064104843,1.5579545437350677
2008-06-27,2174.67,1438.96,1.511278979262801,1.5505113401334671
2008-07-04,2077.52,1388.05,1.4967184179244264,1.5430133629769942
2008-07-11,2120.75,1432.26,1.4807018278804127,1.5372503976999166
2008-07-18,2105.36,1451.71,1.4502621046903308,1.5312083548561732
2008-07-25,2293.63,1585.15,1.446948238337066,1.5258824782423013
2008-08-01,2388.22,1631.8,1.4635494545900232,1.5220583775189782
2008-08-08,2436.42,1686.37,1.4447719065211075,1.5153235549506259
2008-08-14,2356.78,1626.41,1.4490688079881457,1.5093022778100538
2008-08-22,2309.47,1554.52,1.4856483030131487,1.503606555617175
2008-08-29,2325.42,1587.05,1.4652468416243976,1.4977402950592436
2008-09-05,2290.54,1641.79,1.3951479787305319,1.4915845894269475
2008-09-12,2237.04,1600.24,1.3979403089536568,1.4860277913247293
2008-09-19,2163.95,1583.1,1.3669067020403007,1.479672408472355
2008-09-26,2081.68,1484.8,1.4019935344827585,1.4750311784645185
2008-10-03,1982.27,1457.62,1.359936060152852,1.4709541227725142
2008-10-10,1696.1,1261.59,1.3444145879406146,1.4653409233680468
2008-10-17,1608.93,1287.71,1.2494505750518363,1.4570265007878287
2008-10-24,1392.46,1084.93,1.2834560755071756,1.4493880927973346
2008-10-31,1480.36,1106.89,1.3374048008383848,1.4460705817789663
2008-11-07,1544.21,1208.97,1.2772938948030141,1.4395952583351992
2008-11-14,1502.66,1174.47,1.2794366820778735,1.432758485787164
2008-11-21,1418.08,1094.36,1.295807595306846,1.425181659131198
2008-11-28,1473.3,1110.49,1.3267116318021774,1.418224584863606
2008-12-05,1435.64,1107.9,1.2958209224659265,1.4124554461491132
2008-12-12,1502.91,1150.07,1.3067987165998594,1.4052042638823032
2008-12-19,1585.16,1263.26,1.2548169023003974,1.3967117920490082
2008-12-26,1516.38,1209.59,1.2536313957622005,1.3884641956816188
2009-01-02,1607.95,1296.48,1.2402428113044552,1.3794015993422977
2009-01-09,1546.94,1232.24,1.2553885606699995,1.37030986083444
2009-01-16,1543.78,1206.26,1.279807006781291,1.3632200541801338
2009-01-23,1484.05,1128.33,1.3152623789139704,1.3566861675018393
2009-01-30,1563.84,1169.1,1.3376443418013857,1.3513836982977379
2009-02-06,1558.65,1152.31,1.3526308024750286,1.3471146641175586
2009-02-13,1603.29,1174.28,1.3653387607725584,1.3442838859869661
2009-02-20,1504.49,1091.17,1.3787860736640487,1.342011813831199
2009-02-27,1512.52,1051.4,1.4385771352482404,1.3411794031864728
2009-03-06,1441.02,979.66,1.4709388971684054,1.3420516362080492
2009-03-13,1495.67,978.89,1.527924485897292,1.3446801588050212
2009-03-20,1559.01,985.76,1.5815310014608017,1.347876248753276
2009-03-27,1646.39,1112.23,1.480260377799556,1.3483766999591147
2009-04-02,1667.87,1172.47,1.4225268023915323,1.3492893274144813
2009-04-09,1702.27,1271.76,1.338515128640624,1.3473084880707134
2009-04-17,1730.27,1329.56,1.3013854207406963,1.345124445360727
2009-04-24,1763.72,1382.55,1.2757006979856065,1.340914684144155
2009-04-29,1754.6,1341.32,1.308114394775296,1.3391872952982367
2009-05-08,1762.96,1449.03,1.216648378570492,1.3349284216525656
2009-05-15,1779.54,1484.48,1.1987632032765683,1.33323884259339
2009-05-22,1954.57,1895.68,1.0310653696826468,1.324825819065906
2009-05-29,1998.02,2018.17,0.9900157072991869,1.3132461826145994
2009-06-05,2107.01,2133.63,0.9875236099979847,1.3035871731210982
2009-06-12,2073.22,2041.77,1.015403302036958,1.2947860604530677
2009-06-19,2024.78,1938.75,1.044373952288846,1.2864049390191346
2009-06-26,2046.01,1990.91,1.0276757864494126,1.2764370775073755
2009-07-03,2096.93,2014.79,1.0407685168181298,1.267935330652449
2009-07-10,2041.45,1774.68,1.1503200577005432,1.262719375355805
2009-07-17,2164.39,1943.46,1.1136786967573296,1.2580147685043697
2009-07-24,2222.67,2076.22,1.070536840989876,1.2519116166786255
2009-07-31,2260.15,2170.03,1.0415293797781597,1.245287835627749
2009-08-07,2207.88,2121.43,1.0407508143092161,1.2381332440823896
2009-08-14,2215.2,2213.16,1.0009217589329285,1.2288370691541106
2009-08-21,2199.46,2167.64,1.0146795593364213,1.218817641834859
2009-08-28,2246.6,2244.01,1.001154183804885,1.207601303234976
2009-09-04,2302.54,2260.49,1.0186021614782637,1.1964670152017503
2009-09-11,2282.12,2391.95,0.9540834883672318,1.1827585061215726
2009-09-18,2359.01,2538.05,0.9294576544985323,1.1677808921493886
2009-09-25,2401.41,2565.45,0.9360580015202011,1.151030254358454
2009-10-01,2404.82,2608.26,0.9220016409407038,1.1327323458175307
2009-10-09,2392.73,2615.23,0.9149214409440087,1.1122989109857544
2009-10-17,2441.61,2742.56,0.8902667580654572,1.0892567695392432
2009-10-23,2409.09,2702.42,0.8914565463547487,1.0696299751577496
2009-10-30,2313.86,2458.11,0.9413167026699375,1.0535896385003631
2009-11-06,2404.75,2548.42,0.9436238924510089,1.0404265972940425
2009-11-13,2495.53,2628.7,0.949339977935862,1.028691749200548
2009-11-20,2523.14,2686.07,0.9393426083460221,1.0174798128792286
2009-11-27,2507.05,2647.51,0.9469463760287968,1.0054408789210119
2009-12-04,2605.73,2781.72,0.9367333879757849,0.9961103792345217
2009-12-11,2590.9,2748.65,0.942608189474833,0.9875718787744638
2009-12-18,2564.58,2644.24,0.9698741415302696,0.9855321711693846
2009-12-24,2614.21,2755.23,0.9488173401131667,0.984158892263184
2009-12-31,2630.06,2744.76,0.9582112825893702,0.9831818146828968
2010-01-08,2658.25,2848.61,0.9331744254215213,0.980440852129049
2010-01-15,2733.06,2836.13,0.9636582244114338,0.9777503278664685
2010-01-22,2649.54,2751.75,0.962856364131916,0.9755896804558852
2010-01-29,2502.39,2670.57,0.9370246801244677,0.9721315525660966
2010-02-06,2492.79,2610.94,0.9547480983860218,0.9656124872556124
2010-02-11,2512.3,2629.5,0.9554287887431071,0.9603374903218052
2010-02-19,2508.73,2638.68,0.9507518910970637,0.9563446586587114
2010-02-26,2526.87,2653.33,0.9523391361044423,0.9533716505362542
2010-03-05,2616.18,2771.12,0.9440875891336354,0.9501495430304013
2010-03-12,2625.36,2718.5,0.9657384587088469,0.9489767663562654
2010-03-19,2650.14,2747.57,0.9645395749698824,0.9473054335440473
2010-03-26,2671.3,2760.3,0.9677571278484223,0.9461921983454987
2010-04-01,2673.1,2825.17,0.9461731506422622,0.9437778979842987
2010-04-09,2696.12,2900.18,0.9296388500024136,0.9429630767054714
2010-04-16,2675.25,2840.18,0.9419297368476647,0.9433788127837757
2010-04-23,2695.26,2909.4,0.9263971952979997,0.9430567859097023
2010-04-30,2719.15,2976.15,0.9136468255968281,0.9427782920649065
2010-05-07,2580.66,2882.67,0.8952325448282321,0.9421219955277139
2010-05-14,2655.52,2881.56,0.9215563791834979,0.9431649828983153
2010-05-21,2536.92,2816.09,0.9008660944785145,0.9434786345024408
2010-05-28,2576.66,2874.31,0.8964447119482588,0.9419829014783849
2010-06-04,2598.96,2976.68,0.8731069513686389,0.9396323367756392
2010-06-11,2614.3,2938.51,0.8896685735287612,0.9376432899620692
2010-06-18,2647.05,2942.32,0.8996472171619675,0.9363201102559341
2010-06-25,2647.89,3038.66,0.8714005515589108,0.9338019161069379
2010-07-02,2627.08,3114.21,0.8435783071790277,0.9306967467470459
2010-07-09,2695.76,3222.77,0.8364729720085518,0.9271589061648365
2010-07-16,2728.87,3210.07,0.850096726862654,0.923166325675916
2010-07-23,2769.19,3239.8,0.8547410333971233,0.9200304487853812
2010-07-30,2784.41,3232.24,0.8614490260624211,0.916805040234483
2010-08-06,2829.51,3285.49,0.8612140046081408,0.9144063595407036
2010-08-13,2865.65,3398.1,0.843309496483329,0.9103947352764334
2010-08-20,2933.86,3533.12,0.8303878724753193,0.9059791188878802
2010-08-27,2876.86,3492.93,0.8236237199142268,0.9021990868808721
2010-09-03,2942.87,3593.21,0.8190086301663415,0.8976744379402162
2010-09-09,2996.45,3673.24,0.8157512169093225,0.89301851887909
2010-09-17,3086.28,3733.79,0.8265810342841993,0.8888794903186612
2010-09-24,3117.87,3749.71,0.8314963023807174,0.8848513958612038
2010-10-01,3170.32,3785.38,0.8375169731968786,0.8812990419966451
2010-10-08,3186.38,3899.1,0.8172090995357904,0.8763480633575432
2010-10-15,3175.88,3889.71,0.8164824627028751,0.8714128262819764
2010-10-22,3217.37,4016.89,0.8009604445230016,0.8658529368377956
2010-10-29,3270.06,3940.66,0.8298254607096274,0.8619746805067078
2010-11-05,3417.92,4134.3,0.826722782575043,0.8585441449257954
2010-11-12,3318.35,3983.71,0.8329798102773545,0.8549124807067852
2010-11-19,3244.51,3835.88,0.8458319864020772,0.8522269737435877
2010-11-26,3078.77,3572.81,0.8617222858198449,0.8504961557510217
2010-12-03,3250.15,3747.17,0.8673612352788905,0.8495671120993769
2010-12-10,3031.04,3480.97,0.8707457978666866,0.8478734260554833
2010-12-16,3063.0,3539.9,0.8652786801887059,0.8466871789124896
2010-12-24,3053.74,3571.52,0.8550253113520293,0.8453065322259486
2010-12-31,3113.0,3608.91,0.8625873186086658,0.8449558778006162
2011-01-07,2950.7,3422.39,0.8621752634854589,0.844039434132506
2011-01-14,2860.43,3289.24,0.8696324986927071,0.8430389435168641
2011-01-21,2911.0,3358.04,0.866874724541697,0.8428880826162903
2011-01-28,2803.36,3232.18,0.8673279334690519,0.8436797368259578
2011-02-04,2756.79,3158.2,0.8728991197517574,0.8448939417507313
2011-02-11,2714.14,3070.04,0.8840731716850595,0.8460264899114781
2011-02-18,2837.87,3160.89,0.897807263144241,0.8474620309030487
2011-02-25,2731.54,3012.37,0.9067744002230802,0.8489728767084039
2011-03-04,2858.79,3155.64,0.9059303342586608,0.8504634210300881
2011-03-11,2827.15,3134.65,0.9019029237713939,0.8524165352730235
2011-03-18,2802.96,3151.54,0.8893937567030722,0.8543833980806154
2011-03-25,2902.79,3251.37,0.8927898086037578,0.8566889343702663
2011-04-01,2986.85,3384.23,0.8825789027341522,0.85880794345586
2011-04-08,3006.98,3434.24,0.8755881941856132,0.8608025093650696
2011-04-15,3001.41,3458.28,0.8678909747041881,0.8621795073790693
2011-04-21,3038.39,3461.29,0.8778201190885478,0.8637236346026637
2011-04-29,3016.41,3359.37,0.8979094294465927,0.8657367164776542
2011-05-06,2897.61,3308.8,0.8757283607350097,0.8676873585176281
2011-05-13,2924.41,3296.12,0.8872280135431962,0.8700455435456388
2011-05-20,2894.84,3176.7,0.911272704378758,0.8737226188741639
2011-05-27,2882.86,3187.32,0.9044777430568628,0.8762110282857385
2011-06-03,2924.47,3250.53,0.8996902043666724,0.8786432756787929
2011-06-10,2910.7,3221.22,0.9036017409552902,0.8809973400347241
2011-06-17,2865.43,3209.97,0.8926656635420269,0.8825584626060557
2011-06-24,2880.4,3188.74,0.9033034991877671,0.8839445030516531
2011-07-01,2961.88,3266.68,0.9066942583907821,0.8852556038220495
2011-07-08,3001.62,3297.04,0.9103984179749108,0.8865773578256568
2011-07-15,2983.4,3293.68,0.9057953413810693,0.8879279131987358
2011-07-22,3000.72,3307.32,0.9072965422154493,0.8896702875608498
2011-07-29,2939.97,3207.7,0.9165352121457743,0.8914685506787534
2011-08-05,2810.75,3113.04,0.9028955618944826,0.8928258939590542
2011-08-12,2734.64,3072.7,0.8899794968594396,0.8935041272312785
2011-08-19,2632.69,2881.5,0.9136526114870728,0.8950633901294578
2011-08-26,2599.24,2798.12,0.9289237059168298,0.8971165825443836
2011-09-02,2748.37,2935.87,0.9361347743599001,0.8992244376979884
2011-09-09,2743.59,2962.02,0.9262564061012418,0.9006305455118612
2011-09-16,2754.64,2926.05,0.9414193195604995,0.9020842807257364
2011-09-23,2672.53,2854.7,0.9361859389778262,0.9030646653508947
2011-09-30,2693.97,2817.25,0.9562410151743721,0.9047416880480851
2011-10-07,2650.56,2756.1,0.9617067595515403,0.9067351492407566
2011-10-14,2739.22,2879.43,0.9513063349343446,0.9087989018484656
2011-10-21,2722.9,2803.39,0.9712883330539098,0.9114155193301374
2011-10-28,2821.77,2933.83,0.9618041945170648,0.9140563623895678
2011-11-04,2844.07,2945.64,0.9655185290802679,0.9170540402193896
2011-11-11,2824.14,2842.59,0.9935094403343429,0.9212413224070615
2011-11-18,2727.98,2626.59,1.0386013804971463,0.9266006977873481
2011-11-25,2647.68,2580.15,1.0261728969245973,0.9308761467032817
2011-12-02,2755.73,2727.2,1.0104612789674392,0.9353672439776959
2011-12-09,2657.53,2656.85,1.0002559421871766,0.9391348415991618
2011-12-16,2569.95,2480.67,1.035990276820375,0.9432920940138825
2011-12-23,2577.92,2403.87,1.072404081751509,0.9488896386370375
2011-12-30,2574.1,2320.87,1.109109945839276,0.9558702966861241
2012-01-07,2562.75,2472.54,1.0364847484772743,0.9602997302701903
2012-01-13,2607.12,2649.16,0.9841308188255901,0.9633485687796423
2012-01-20,2644.2,2762.65,0.9571245000271478,0.9651426021409552
2012-01-27,2719.2,2927.18,0.9289486809830622,0.9658844162273644
2012-02-03,2795.4,3022.95,0.9247258472683969,0.966361997203814
2012-02-10,2815.11,3166.3,0.889085051953384,0.9658049875562243
2012-02-17,2886.47,3371.17,0.856222023807758,0.9641025036093013
2012-02-24,2851.05,3213.31,0.8872626668450913,0.9631267520992786
2012-03-03,2845.76,3261.55,0.8725176679799482,0.9621141556354609
2012-03-09,2861.92,3286.78,0.8707367088761645,0.9614727293693517
2012-03-16,2859.96,3248.19,0.8804780508529365,0.9603669106815471
2012-03-23,2899.87,3204.03,0.9050695530316507,0.959571772252041
2012-03-30,2944.43,3188.82,0.9233603652761836,0.9591459586159172
2012-04-04,2957.7,3222.18,0.9179189244548721,0.9588680425610382
2012-04-13,2932.89,3147.52,0.9318098058153721,0.9585477254362007
2012-04-20,2966.84,3204.32,0.9258875518050632,0.9582044458637753
2012-04-28,2926.68,3061.99,0.9558097838333894,0.9581900714857424
2012-05-04,2890.78,2989.44,0.9669971633483194,0.9583664182789685
2012-05-11,2857.15,2883.97,0.9907003193514496,0.959679551092872
2012-05-18,2828.21,2827.41,1.000282944461539,0.960646038139793
2012-05-25,2825.68,2834.99,0.9967160377990751,0.9618097662491933
2012-06-01,2786.4,2779.06,1.0026411808309286,0.9630471879742153
2012-06-08,2846.35,2913.93,0.9768079535198169,0.9624904717470645
2012-06-15,2876.39,2969.77,0.968556487539439,0.9601556419818075
2012-06-22,2893.87,2998.03,0.9652571855518456,0.9581251182693824
2012-06-29,2970.08,3043.61,0.9758411885885511,0.9569711152567529
2012-07-06,2985.02,3131.82,0.9531262971690582,0.9554001270894823
2012-07-13,2954.7,3079.91,0.9593462146621168,0.9528453250175403
2012-07-20,2958.93,2994.02,0.9882799714096766,0.9500411880061459
2012-07-27,2931.93,2782.26,1.0537943973604191,0.948197336390184
2012-08-03,3015.73,2852.44,1.0572457264657626,0.9488893689898003
2012-08-10,3071.67,2819.57,1.0894107966817634,0.9523987015850061
2012-08-17,3084.94,2816.86,1.0951697989960452,0.957000211550636
2012-08-24,3100.87,2758.66,1.1240493572966586,0.9635035674277559
2012-08-31,3069.08,2625.15,1.1691065272460621,0.971649590093678
2012-09-08,3133.09,2683.16,1.1676866083274946,0.9809363086394817
2012-09-14,3206.53,2739.96,1.1702835077884348,0.991405024772171
2012-09-21,3226.08,2973.32,1.085009349817712,0.9979965808712582
2012-09-28,3310.35,2999.09,1.1037848147271339,1.0057054857628311
2012-10-05,3329.42,3013.68,1.1047689203896898,1.0135065594799486
2012-10-12,3352.69,2998.11,1.11826784207384,1.0214328858539787
2012-10-19,3331.63,2997.01,1.1116512791081778,1.0283189433898632
2012-10-26,3298.97,2909.05,1.1340368848936937,1.03534149404378
2012-11-02,3324.62,2936.75,1.132074572231208,1.0424800156363245
2012-11-09,3381.49,2950.98,1.1458871290215453,1.0496159264098637
2012-11-16,3346.55,2896.21,1.1554928682657681,1.0572694369585538
2012-11-23,3374.71,2876.7,1.173118503841207,1.0645130609588145
2012-11-30,3503.34,3043.52,1.1510816423089056,1.0706492102575005
2012-12-07,3494.68,3163.06,1.1048415142298913,1.0744539167534488
2012-12-14,3489.14,3177.36,1.0981254878263715,1.0777153348656097
2012-12-21,3504.86,3202.1,1.0945504512663564,1.0809764819811858
2012-12-28,3517.89,3266.85,1.0768446668809404,1.083449931516186
2013-01-04,3561.33,3433.29,1.0372936745803587,1.0854661222182043
2013-01-11,3483.99,3373.56,1.03273396649237,1.0876053715166352
2013-01-18,3466.61,3486.05,0.9944234879017799,1.0885775815949663
2013-01-25,3454.17,3359.91,1.0280543228836487,1.0903180194048028
2013-02-01,3449.03,3300.19,1.0451004336113983,1.093383823952881
2013-02-08,3429.03,3151.35,1.0881146175448617,1.0976761040489724
2013-02-15,3451.56,3099.56,1.113564505929874,1.1018522551996457
2013-02-22,3435.46,3081.96,1.1146997365312983,1.1038824331720083
2013-03-01,3378.13,2901.17,1.164402637556572,1.1074543302083688
2013-03-08,3468.31,2990.27,1.1598651626776177,1.109802809074897
2013-03-15,3471.18,2939.02,1.1810671584405685,1.1126660543897147
2013-03-22,3367.15,2701.91,1.2462110136903155,1.1167381096028364
2013-03-28,3387.39,2698.46,1.2553048775968514,1.1196113879478629
2013-04-05,3283.12,2715.18,1.2091721359173242,1.1209942388675238
2013-04-12,3354.87,2740.55,1.2241593840652423,1.1227901014100843
2013-04-18,3498.56,2886.63,1.2119876811368273,1.1270227124540546
2013-04-26,3552.91,2911.6,1.2202603379585109,1.1309052298951003
2013-05-03,3636.44,2931.16,1.2406146372084772,1.1354334204557268
2013-05-11,3734.72,3008.82,1.2412573699988698,1.1395330713865612
2013-05-17,3775.05,3060.34,1.2335394106537183,1.1435960091047457
2013-05-24,3694.59,2888.81,1.2789314631284163,1.1484258283792366
2013-05-31,3700.28,2818.6,1.312807776910523,1.1544502685352138
2013-06-07,3659.32,2806.73,1.3037663045608234,1.1597129077198562
2013-06-14,3577.49,2707.86,1.3211502810337312,1.1652348214787882
2013-06-21,3538.32,2537.6,1.3943568726355613,1.1726094337719333
2013-06-28,3596.75,2526.57,1.4235702949057416,1.1816923888584947
2013-07-05,3655.4,2521.27,1.4498248898372645,1.193191834712074
2013-07-12,3766.68,2548.27,1.4781322230375902,1.2058587258857814
2013-07-19,3746.61,2474.47,1.514106050992738,1.2198439125433274
2013-07-26,3704.02,2322.52,1.5948280316208256,1.2371100247013231
2013-08-02,3564.68,2061.49,1.7291764694468565,1.2601727845302066
2013-08-08,3441.34,2098.54,1.6398734358172826,1.280410766841037
2013-08-16,3476.36,2079.7,1.6715680146174932,1.302982251064894
2013-08-23,3391.93,2139.98,1.5850288320451593,1.3215480680369445
2013-08-30,3400.18,2095.98,1.6222387618202463,1.3407860123105728
2013-09-06,3516.59,2214.01,1.5883351927046399,1.3574600314825653
2013-09-13,3637.17,2355.96,1.5438165333876637,1.3718017657311585
2013-09-20,3750.25,2425.85,1.5459529649401242,1.386176873344786
2013-09-27,3692.8,2343.81,1.5755543324757555,1.399881929842092
2013-10-04,3735.13,2395.12,1.5594750993687165,1.4132022610651285
2013-10-11,3864.38,2461.76,1.569763096321331,1.4261587923278207
2013-10-18,3873.14,2434.67,1.5908275043435043,1.437646008682927
2013-10-25,3835.41,2448.21,1.5666180597252686,1.4480231147538742
2013-11-03,3892.46,2727.52,1.4271059423945562,1.4552875749697818
2013-11-08,3839.81,2650.81,1.4485421437221075,1.4627670002916773
2013-11-14,3803.95,2600.53,1.4627595144066785,1.4711260614006723
2013-11-22,3727.37,2563.22,1.454174826975445,1.4789232110345703
2013-11-29,3817.23,2679.42,1.4246478715542916,1.4850576521794308
2013-12-06,3814.04,2774.85,1.374503126295115,1.4894991773893056
2013-12-13,3805.78,2654.26,1.4338384333109793,1.496175811477881
2013-12-20,3940.9,2731.56,1.4427286971547395,1.5016357192787584
2013-12-27,3942.59,2840.35,1.388064851162709,1.5041442884204979
2014-01-03,3935.9,2792.67,1.4093680957649848,1.5076643481273033
2014-01-10,3968.98,2698.37,1.4708805686395863,1.5126553577141653
2014-01-17,3960.12,2715.62,1.4582747217946546,1.5147859526861351
2014-01-24,3980.45,2657.9,1.4975920839760712,1.517253345655146
2014-01-31,3905.98,2544.74,1.5349230176756763,1.5200899499164262
2014-02-07,3915.5,2513.8,1.5576020367571006,1.5227389437070766
2014-02-14,3882.31,2441.98,1.5898205554509046,1.5252627605223488
2014-02-21,3927.12,2462.47,1.5947889720483905,1.5252614585366011
2014-02-28,4026.95,2526.73,1.593739734755989,1.520746900713572
2014-03-07,4001.96,2778.3,1.4404347982579275,1.5140989461282603
2014-03-14,3948.16,2769.44,1.4256167311803107,1.5059005700136876
2014-03-22,4002.53,2771.13,1.4443674602057643,1.501211857619041
2014-03-28,4042.1,3058.22,1.3217165540739384,1.491194450694164
2014-04-04,4129.72,3098.02,1.3330191541694374,1.482683916076324
2014-04-11,4201.26,3192.38,1.3160275405810085,1.4750909496494353
2014-04-17,4221.05,3168.02,1.3323937348880375,1.4679723086476995
2014-04-25,4227.19,3226.68,1.3100741319250746,1.4591229686293434
2014-05-02,4216.62,3186.57,1.3232472533162616,1.4512487070942615
2014-05-09,4218.86,3314.94,1.2726806518368354,1.4413459589447783
2014-05-16,4313.58,3805.13,1.133622241552851,1.426105783518423
2014-05-23,4377.26,4444.17,0.9849443203117793,1.406716658871307
2014-05-30,4379.65,4156.19,1.0537655881949575,1.394271980397987
2014-06-06,4545.3,4664.4,0.974466169282223,1.3784694479166575
2014-06-13,4596.48,4289.83,1.0714830191406186,1.3654268980744557
2014-06-20,4606.3,4227.12,1.08970173546055,1.353277795023959
2014-06-27,4744.33,4313.12,1.0999763512260265,1.3424554110130167
2014-07-04,4954.26,4536.4,1.0921126884754433,1.3330423964190277
2014-07-11,4660.95,3981.12,1.1707635037376416,1.3242732320999162
2014-07-18,4858.35,4191.04,1.1592230090860502,1.3148230424976268
2014-07-25,4836.23,4110.15,1.1766553532109534,1.3077760592325685
2014-08-01,4777.27,4092.94,1.1671976623160858,1.2997037114509384
2014-08-08,4785.84,3976.45,1.203545876346993,1.2907925550411854
2014-08-14,4934.08,3994.5,1.2352184253348353,1.2833573451591913
2014-08-22,5128.22,4191.78,1.223399128771071,1.2742175799856912
2014-08-28,5155.69,4040.1,1.2761293037301056,1.265591122854172
2014-09-05,5390.63,4103.56,1.313647174648354,1.257459294117214
2014-09-12,5449.18,4196.23,1.298589448147504,1.2477515905404342
2014-09-19,5385.28,4108.47,1.310775057381458,1.2382844600515361
2014-09-26,5246.92,3887.57,1.3496657294916876,1.2301486598760596
2014-10-01,5281.19,3831.13,1.3784940735501012,1.2280839690524654
2014-10-10,5198.99,3826.95,1.3585204928206536,1.22584742777381
2014-10-17,5155.3,3879.14,1.3289801347721404,1.2220011835926892
2014-10-23,5402.42,4030.11,1.3405142787665845,1.2226277744157774
2014-10-31,5611.14,4196.27,1.3371732514828645,1.2227662443262248
2014-11-07,5691.22,4179.27,1.3617737068913949,1.2242911165365713
2014-11-14,5841.87,4183.35,1.3964573846319337,1.2264265715280342
2014-11-21,5830.56,4204.76,1.3866570267982001,1.228979334690472
2014-11-28,5881.96,4351.82,1.3516092117780607,1.2299247333058654
2014-12-05,5931.54,4318.83,1.3734136328588993,1.2332824993399343
2014-12-12,5682.66,4126.72,1.3770403613523572,1.2413964366665844
2014-12-19,5691.88,4156.98,1.3692343961241096,1.2542061058603287
2014-12-26,5687.99,4203.61,1.3531202942232985,1.2641845960612734
2015-01-02,5868.93,4279.17,1.3715112977516668,1.2774194336769216
2015-01-09,5866.02,4154.15,1.4120867084722508,1.2887728899879756
2015-01-16,6026.07,4154.66,1.450436377465304,1.3007973780548012
2015-01-23,6226.91,4217.95,1.4762882442892875,1.3133411078235764
2015-01-30,6361.32,4128.34,1.5408905274274889,1.3283003691219777
2015-02-06,6089.71,3948.0,1.5424797365754812,1.3406909102165727
2015-02-13,6331.37,3986.73,1.5881110584363627,1.3549871785282497
2015-02-20,6332.0,4012.43,1.5780960664734338,1.368368535636999
2015-02-28,6405.13,4029.88,1.5894096102117183,1.3824422672335202
2015-03-05,6557.05,4010.62,1.6349217826670193,1.396821464110854
2015-03-13,6400.51,3865.25,1.6559110018756873,1.4108445499955493
2015-03-20,6350.51,3810.51,1.6665774397652808,1.425617160362023
2015-03-27,6295.99,3694.62,1.704096767732541,1.4398827424954377
2015-04-01,6536.91,3829.12,1.7071572580645162,1.452999745275976
2015-04-10,6662.03,3977.99,1.674722661444599,1.465537519052546
2015-04-17,6359.52,3978.28,1.598560181787104,1.4751303565327343
2015-04-24,6128.23,3821.09,1.6037910648532223,1.4836012010447852
2015-04-30,6207.59,3777.11,1.6434760968041704,1.4924339351532543
2015-05-08,6128.98,3641.97,1.682874927580403,1.503245749645246
2015-05-15,6303.78,3738.45,1.6862015006219155,1.5151531285069053
2015-05-22,6379.46,3740.34,1.7055829149221728,1.527322083045425
2015-05-29,6493.35,3773.08,1.7209680155204767,1.5401152418466786
2015-06-05,6225.54,3584.92,1.7365910536357854,1.5526091534048247
2015-06-12,6047.3,3458.23,1.7486691168603592,1.5643495444791058
2015-06-19,6309.36,3521.8,1.7915157021977397,1.5778448336590902
2015-06-26,6459.39,3534.99,1.8272724958203561,1.5937002764605002
2015-07-03,6595.14,3588.25,1.837982303351216,1.6091858988102439
2015-07-10,6564.51,3556.17,1.845949434363374,1.6248162012439447
2015-07-17,6837.42,3646.71,1.8749557820610907,1.6416735807751774
2015-07-24,6795.11,3598.93,1.8880917383777955,1.6595059622469939
2015-07-31,6890.03,3576.99,1.9262089074892579,1.6779958825715802
2015-08-07,7054.21,3695.47,1.908880331865771,1.694555670018031
2015-08-14,7029.55,3496.96,2.0101888497437774,1.7132140857606468
2015-08-21,6870.48,3437.66,1.9985920655329497,1.7306242131354355
2015-08-28,6570.74,3247.55,2.0232914042893873,1.7467042423641657
2015-09-04,6259.68,3078.05,2.033651175257062,1.7630766236535513
2015-09-11,6371.21,3142.19,2.0276335931309055,1.7777273748100364
2015-09-18,6448.38,3223.65,2.00033502396352,1.7918020067263722
2015-09-24,6424.33,3230.94,1.9883779952583458,1.8051009528945934
2015-10-01,6616.89,3217.36,2.0566209563120075,1.8191575920160932
2015-10-09,6610.9,3362.8,1.9658915189722848,1.8294902759193128
2015-10-16,6684.67,3428.92,1.9494972177828587,1.8389209351865654
2015-10-23,6723.07,3417.08,1.9674897866014258,1.847700702482195
2015-10-30,6586.36,3323.76,1.9815991527667458,1.856848765638936
2015-11-06,6371.53,3278.85,1.9432209463683914,1.8657987084697292
2015-11-13,6229.29,3242.22,1.9213039213871979,1.8765568331230655
2015-11-20,6376.71,3270.04,1.9500403664786976,1.8880984765105815
2015-11-27,6354.67,3314.48,1.9172449373657405,1.8972241045293003
2015-12-04,6299.69,3287.81,1.9160748340080478,1.9049974347435552
2015-12-11,6128.21,3132.12,1.9565693523875203,1.9140096964690754
2015-12-18,6290.82,3225.34,1.950436233079303,1.9221714737409796
2015-12-24,6350.28,3272.47,1.940515879442745,1.929489735871722
2016-01-01,6450.99,3321.11,1.9424198536031627,1.9363506958706345
2016-01-08,6272.68,3163.68,1.9827163303494666,1.9441522696536049
2016-01-15,6026.83,2891.85,2.0840742085516193,1.9539042198654009
2016-01-22,5914.25,2857.4,2.0698012178903897,1.9619885106010684
2016-01-29,6045.81,2895.04,2.088333839946944,1.9703335618209261
2016-02-05,5979.72,2808.4,2.129226605896596,1.9797761342053668
2016-02-12,5520.06,2519.92,2.190569541890219,1.9902965928663376
2016-02-19,5670.38,2654.1,2.13646057043819,1.9985755539350174
2016-02-26,5514.09,2578.0,2.1389022498060513,2.005665332012244
2016-03-04,5943.68,2879.15,2.0643870586805133,2.0108488895727357
2016-03-11,6030.4,2899.98,2.079462616983565,2.013158015147395
2016-03-18,5921.47,2981.58,1.9860174806646143,2.0127388623184506
2016-03-23,6015.81,3047.99,1.9736974202671271,2.0110857295177085
2016-04-01,6078.14,3077.48,1.9750380181187206,2.0091319576130973
2016-04-08,6121.07,3036.33,2.0159435897942584,2.008742290835209
2016-04-13,6307.8,3151.41,2.0015802450331757,2.0087837982041976
2016-04-22,6301.62,3248.4,1.9399150350942,2.007168366198726
2016-04-29,6265.79,3205.27,1.9548399978784938,2.0037756675842755
2016-05-06,6253.3,3083.67,2.027875875174711,2.005841812791023
2016-05-13,6322.28,3072.85,2.057464568722847,2.0094407244890227
2016-05-20,6244.53,2982.15,2.0939691162416376,2.0136567021436966
2016-05-27,6430.43,3119.06,2.0616563964784262,2.0163252769340856
2016-06-03,6454.13,3148.68,2.0497891179795977,2.0198775493211256
2016-06-10,6410.62,3212.81,1.995331189830709,2.0223451249359097
2016-06-17,6392.32,3266.36,1.9570163729656251,2.0225776584854738
2016-06-24,6352.68,3232.47,1.9652711394073266,2.02417853188686
2016-07-01,6626.92,3447.37,1.9223117913075767,2.024386430463511
2016-07-08,6658.41,3508.07,1.8980265502113696,2.022435003724306
2016-07-15,6767.85,3676.69,1.8407453443178512,2.018778640765591
2016-07-22,6877.49,3658.04,1.8801024592404676,2.0167648600921817
2016-07-29,7181.84,3729.42,1.9257257160630876,2.016208388840846
2016-08-05,7183.31,3808.3,1.886224824724943,2.012992005320028
2016-08-12,7191.11,3773.25,1.90581329092957,2.0070499747326265
2016-08-19,7271.49,3936.23,1.8473234541680745,1.9996340492752163
2016-08-26,7259.17,3850.13,1.885435037258482,1.9928707558522676
2016-09-02,7405.62,3941.34,1.8789599476320236,1.9845285339101153
2016-09-09,7454.61,4052.04,1.8397177717890247,1.972833474906742
2016-09-16,7304.36,3890.63,1.877423450700786,1.9641989042488286
2016-09-23,7480.34,4006.09,1.8672421238664134,1.9551435667175072
2016-09-30,7375.19,3939.11,1.872298564904255,1.9487406169249653
2016-10-07,7641.87,4129.09,1.8507395091896761,1.9411165133318358
2016-10-14,7630.23,4079.69,1.8702965176275648,1.9372591478972676
2016-10-21,7657.8,4173.81,1.8347265448115748,1.9326267853820824
2016-10-30,7509.77,4160.18,1.8051550654058237,1.9269640202916525
2016-11-04,7279.52,3978.81,1.8295721585097053,1.920751639248834
2016-11-11,7180.63,4077.57,1.7610071684851516,1.9127325366972332
2016-11-18,6923.72,3998.52,1.7315706811520264,1.9057877248991606
2016-11-25,7028.52,4064.14,1.7293990856614192,1.8982730278252582
2016-12-02,6996.02,4001.86,1.7481920906778348,1.8889502350086957
2016-12-09,7235.09,4172.4,1.734035567059726,1.8781692682865916
2016-12-16,6948.5,4041.43,1.7193171723870018,1.8656808701581038
2016-12-23,6775.61,3929.22,1.7244160418607255,1.8544395250041805
2016-12-30,6948.67,3978.63,1.746498166454282,1.8443298266200034
2017-01-06,7189.61,4137.88,1.7375105126296557,1.8357358040466347
2017-01-13,7395.05,4286.35,1.7252557537298634,1.8280104500721093
2017-01-20,7447.62,4256.85,1.749561295324007,1.8208201219359987
2017-01-27,7896.47,4511.12,1.7504455656245013,1.8150912477465628
2017-02-03,7977.87,4590.79,1.737798940923022,1.8097503274369513
2017-02-10,8059.6,4559.72,1.767564675023905,1.8073109717938196
2017-02-17,8107.05,4476.85,1.8108826518645922,1.8050036448812905
2017-02-23,8130.31,4565.03,1.7809981533527712,1.8001793927909469
2017-03-03,8064.26,4516.5,1.7855109044614192,1.796822262115496
2017-03-10,8019.4,4436.12,1.8077509174684183,1.7935535163334575
2017-03-17,8307.82,4590.4,1.8098248518647613,1.792303562923347
2017-03-24,8307.26,4620.57,1.7978864079539971,1.7893852752798642
2017-03-31,8405.11,4647.19,1.808643502847958,1.7870413937870622
2017-04-07,8484.61,4689.07,1.8094440901927251,1.7860322710671854
2017-04-13,8484.95,4744.55,1.7883571676976742,1.7830633949670818
2017-04-21,8547.53,4734.22,1.8054779879262055,1.7810045904357414
2017-04-28,8819.64,4796.42,1.8387964356749407,1.7798878527947644
2017-05-05,8691.46,4789.15,1.8148230896923254,1.7786906388115191
2017-05-12,8750.9,4790.06,1.8268873458787571,1.7772436664198923
2017-05-19,8695.24,4743.9,1.8329307110183606,1.7771838052934517
2017-05-26,8810.02,4670.14,1.886457365303824,1.7798938819567185
2017-06-02,8763.01,4599.29,1.9052962522476296,1.7824180184146494
2017-06-09,8894.53,4608.14,1.9301779025810848,1.788057042884514
2017-06-16,8800.58,4548.85,1.9346823922529868,1.794827433254546
2017-06-23,8606.63,4415.16,1.9493359244059105,1.8021586612126954
2017-06-30,8674.41,4413.16,1.965577953212664,1.8094048566305232
2017-07-07,8853.21,4521.49,1.958029322192463,1.8168713151349476
2017-07-14,9101.62,4631.18,1.9652917830876797,1.8250704688249704
2017-07-21,9120.27,4668.78,1.9534589335972141,1.8327052318828534
2017-07-28,9264.64,4672.21,1.9829245688871004,1.8405861119639473
2017-08-04,9463.23,4804.65,1.9695982017420623,1.8483223682676941
2017-08-11,9143.04,4575.24,1.9983738557977289,1.8574263050032898
2017-08-18,9440.89,4722.55,1.9991085324665698,1.8657445462413753
2017-08-24,9491.63,4717.14,2.012157790525615,1.8744682870714122
2017-09-01,9815.44,4862.01,2.018802923070911,1.8838350864763418
2017-09-08,9882.04,4855.77,2.0351128657246944,1.8927533594997015
2017-09-15,10032.38,4884.35,2.053984665308587,1.9008567599478345
2017-09-22,9761.88,4729.25,2.064149706613099,1.9102951450565122
2017-09-29,9709.3,4686.41,2.0717990956830494,1.9198380847638998
2017-10-06,10033.64,4848.82,2.069295209968611,1.9285562278472397
2017-10-13,10161.93,4897.32,2.074998162260175,1.9373953381937534
2017-10-19,10176.43,4937.27,2.061145126760335,1.9461706288206315
2017-10-27,10271.9,5237.5,1.9612219570405727,1.9512565772937185
2017-11-03,10379.34,5258.94,1.9736562881493231,1.9567303172256052
2017-11-10,10179.45,5119.93,1.9882010105606913,1.9633917786543724
2017-11-17,10079.16,5053.98,1.9943015207816415,1.9696858964162203
2017-11-24,10202.91,5096.64,2.001889480128084,1.975122331231325
2017-12-01,9957.35,4935.89,2.0173362858572617,1.9818727711034896
2017-12-08,10209.34,5005.39,2.039669236562985,1.9889655007929639
2017-12-15,10266.81,5004.6,2.0514746433281377,1.996250298536623
2017-12-22,10603.3,5171.49,2.0503375236150507,2.0017129704803307
2017-12-29,10733.76,5198.76,2.0646769614292637,2.0070256607863852
2018-01-05,10898.16,5295.81,2.0578834965755943,2.0112825139195354
2018-01-12,10928.85,5334.32,2.0487803506351328,2.01508577919894
2018-01-19,10775.86,5204.34,2.0705526541309753,2.0191263368564423
2018-01-25,10778.79,5278.34,2.042079517424039,2.0216763889968217
2018-02-02,10203.06,5048.59,2.0209721922358517,2.023774484664935
2018-02-09,10219.68,5017.22,2.036920844611159,2.0261621200490505
2018-02-16,10221.28,4937.08,2.0703087655051164,2.0300571144459805
2018-02-23,10217.96,4930.04,2.072591703109914,2.033046018920074
2018-03-01,10244.73,4867.65,2.1046562509629902,2.0375479538941055
2018-03-09,9967.15,4658.89,2.1393829860760825,2.042248258236717
2018-03-16,10046.41,4663.66,2.1541900567365544,2.0474176423790498
2018-03-23,9884.43,4481.62,2.2055484400730094,2.053863997363963
2018-03-28,10115.02,4573.04,2.211880936969718,2.06029993116059
2018-04-06,10592.91,4703.44,2.2521622472063,2.0675349105433103
2018-04-13,10745.19,4740.08,2.2668794619500092,2.074631403764691
2018-04-20,10809.79,4745.51,2.277898476665311,2.0817563627664315
2018-04-27,10912.29,4682.37,2.3305057054440383,2.090379916425131
2018-05-04,10667.52,4574.79,2.3318053943459702,2.099130255904376
2018-05-11,10752.01,4623.49,2.3255181691752336,2.1074809228015448
2018-05-18,10587.37,4452.56,2.3778163573315125,2.118036630487251
2018-05-25,10567.74,4481.76,2.3579442004926636,2.1312607052689874
2018-06-01,10593.35,4526.01,2.3405494022328717,2.1434904757384388
2018-06-08,10740.01,4570.31,2.3499521914268398,2.1555488484339773
2018-06-15,10816.68,4488.53,2.4098491042724457,2.1694004345503375
2018-06-22,10761.75,4405.78,2.4426435273663234,2.184092236124945
2018-06-29,10627.71,4236.9,2.5083693266303193,2.2004600041507136
2018-07-06,10621.26,4167.8,2.5484092326887087,2.2174180040215714
2018-07-13,10835.2,4104.89,2.6395835211174963,2.2370216332812167
2018-07-20,10719.81,4042.15,2.652006976485286,2.2570772817102243
2018-07-27,10834.45,4302.27,2.5183101014115805,2.272198386376302
2018-08-03,11041.25,4387.71,2.516403773266693,2.2874823955993384
2018-08-10,11120.63,4384.11,2.5365764088948497,2.3037422642079957
2018-08-17,11340.31,4314.81,2.628229284719373,2.322331485227609
2018-08-24,11419.98,4354.87,2.622346935729425,2.341673732504455
2018-08-31,11594.66,4484.99,2.585214236821041,2.3604818006572947
2018-09-07,11430.93,4448.11,2.569839774645861,2.3782457649917847
2018-09-14,11301.74,4436.76,2.547295774393927,2.394145331954745
2018-09-21,10915.93,4303.7,2.5364058833097105,2.4096058046280713
2018-09-28,10631.94,4077.0,2.607785136129507,2.426376767466955
2018-10-05,10010.67,3805.14,2.630828300666993,2.4427582779533186
2018-10-12,10183.11,3965.0,2.568249684741488,2.4565602655534833
2018-10-19,9993.66,3896.87,2.5645351269095453,2.4685264884480347
2018-10-26,9661.72,3847.48,2.511181344672357,2.4785031687047896
2018-11-02,10065.52,4128.66,2.4379629225947403,2.4846965245510706
2018-11-09,10107.18,4148.21,2.436515991234774,2.4903510755272293
2018-11-16,10183.05,4085.95,2.4922111136944896,2.4974948300948685
2018-11-22,10096.45,4002.12,2.522775429022618,2.5039038208808218
2018-11-30,10512.66,3877.23,2.7113841582779457,2.516556446345221
2018-12-07,10303.39,3811.29,2.7033865174258582,2.5291520579535747
2018-12-14,10473.8,3918.21,2.6731083836751983,2.5389951254983645
2018-12-21,10373.15,4020.45,2.580096755338333,2.546400210659887
2018-12-28,10431.01,4074.18,2.5602722511032896,2.5537243056222336
2019-01-04,10317.01,3987.93,2.5870589503827803,2.5616278642540986
2019-01-11,10413.53,3955.85,2.6324380348092067,2.569047495271991
2019-01-18,10577.66,3971.21,2.6635861613966525,2.5764122497396684
2019-01-25,10639.19,3835.37,2.773967048811458,2.5852655071457065
2019-02-01,10840.34,3771.54,2.8742476548041385,2.5961267878828873
2019-02-08,10929.27,3618.76,3.0201698924493474,2.6088130002606156
2019-02-15,10586.79,3539.06,2.9914129740665603,2.6201265335133246
2019-02-22,10647.89,3739.12,2.8476994586961637,2.631106178756144
2019-03-01,10720.92,3833.97,2.796297310620584,2.6404359633346073
2019-03-08,10739.36,3928.61,2.7336284334662895,2.647004364153655
2019-03-15,11024.28,4095.76,2.691632322206379,2.649117798736555
2019-03-22,11051.05,4055.84,2.724725334332715,2.6525304120233315
2019-03-29,11188.09,4237.79,2.640076549333497,2.654359155773747
2019-04-05,11187.48,4222.01,2.649799503080286,2.6570244800548943
2019-04-12,11197.35,4186.31,2.6747541390866894,2.66127309221132
2019-04-18,11302.72,4184.0,2.701414913957935,2.6667733932329276
2019-04-26,11407.72,4118.35,2.7699734116818626,2.6721796690846724
2019-05-03,11271.05,4100.92,2.7484198667616044,2.676099387954493
2019-05-10,10941.43,3907.71,2.799959567112196,2.6838230507001835
2019-05-17,11021.48,3865.57,2.851191415496291,2.6933782603197414
2019-05-24,11237.08,4097.66,2.742316346402581,2.7010827603774152
2019-05-31,11320.99,4156.05,2.7239782966999915,2.7106166061809236
2019-06-07,11319.06,4124.69,2.744220777803908,2.720873432399895
2019-06-14,11311.72,4095.87,2.7617380434437617,2.7298576633915372
2019-06-21,11228.35,4066.51,2.7611760453066636,2.7378043506010052
2019-06-28,11231.11,4137.89,2.714211832600673,2.737898606411763
2019-07-05,11231.39,4049.51,2.773518277519996,2.7402363317482346
2019-07-12,10820.29,3935.85,2.7491621885996675,2.7427714585790497
2019-07-19,10706.74,3841.34,2.787240910723862,2.7496762637585674
2019-07-26,10560.9,3788.93,2.787304067375222,2.757243990967632
2019-08-02,10239.43,3526.19,2.903822539341329,2.76780277726625
2019-08-09,10380.58,3481.73,2.9814431331550693,2.779436280544446
2019-08-16,10295.37,3482.47,2.956341332445075,2.7891947862460595
2019-08-23,10115.39,3297.61,3.0674913043082714,2.798978928095954
2019-08-30,10283.03,3369.44,3.051851346217769,2.8048990511430745
2019-09-06,10221.51,3443.39,2.968443888145113,2.8031748509996004
2019-09-13,10420.05,3534.79,2.9478554595888298,2.801722933850342
2019-09-20,10650.24,3524.32,3.0219276342670356,2.807530539702705
2019-09-27,10921.68,3529.64,3.0942759034915746,2.8174631594650714
2019-10-04,10528.37,3401.14,3.09554149491053,2.829526928179879
2019-10-11,10615.71,3384.55,3.1365203645979522,2.8443565295929316
2019-10-18,10914.46,3571.69,3.055825113601684,2.8553931889018975
2019-10-27,10864.71,3501.33,3.103023708133766,2.870824760861906
2019-11-01,11111.76,3640.67,3.052119527449618,2.884235428340884
2019-11-08,11143.44,3612.54,3.084655118005614,2.897898794304848
2019-11-15,11135.46,3521.17,3.1624318053374303,2.913266024017498
2019-11-22,11090.18,3563.59,3.1120807949287097,2.92466960345906
2019-11-29,11261.47,3630.61,3.1018120921828563,2.9364493443064346
2019-12-06,11165.96,3477.8,3.210638909655529,2.9501386557245457
2019-12-13,11361.96,3553.7,3.1972197990826463,2.9616729351774245
2019-12-20,11524.66,3567.54,3.230422083564585,2.9779431264161578
2019-12-27,11526.89,3603.1,3.1991590574782824,2.9937824851087673
2020-01-03,11477.31,3671.7,3.1258844676852684,3.006504608104813
2020-01-10,11600.7,3646.38,3.1814292531222748,3.0204943150940964
2020-01-17,11942.17,3646.77,3.2747253048588205,3.037612623745835
2020-01-24,12015.11,3628.44,3.311370726813727,3.0575179202196034
2020-02-01,11558.2,3318.28,3.4831900864303194,3.0811736471832805
2020-02-07,12176.63,3557.48,3.422824583694075,3.1036290603530947
2020-02-14,12228.36,3432.76,3.5622531141122593,3.1294628004660416
2020-02-20,12243.34,3431.09,3.5683529140885257,3.1554977620231517
2020-02-28,11475.15,3050.9,3.7612343898521745,3.18407815704018
2020-03-06,11362.55,2959.63,3.83917922172704,3.212669359992579
2020-03-13,10469.45,2648.05,3.953645135099413,3.2459128200810565
2020-03-20,9316.67,2379.46,3.915455607574828,3.274178296856608
2020-03-27,9100.32,2161.63,4.209934170047602,3.3127810576509362
2020-04-03,8797.16,2176.59,4.041716630141643,3.348556815717487
2020-04-09,9859.89,2421.99,4.0709870808715145,3.3859945364269106
2020-04-17,10110.88,2518.69,4.014340788266916,3.4190749748935727
2020-04-24,10046.88,2349.38,4.276396325839157,3.4584789889718253
2020-04-30,10540.04,2567.26,4.1055600133995,3.492146272921458
2020-05-08,10012.36,2372.71,4.219799301220967,3.528255570808892
2020-05-15,9876.0,2437.61,4.051509470341851,3.561445049366897
2020-05-22,9716.32,2398.29,4.051353255861468,3.5930560342911537
2020-05-29,10210.7,2565.19,3.9804848763639344,3.624001545921631
2020-06-05,10710.57,2764.6,3.87418433046372,3.650319186336901
2020-06-12,10610.33,2739.95,3.872453876895564,3.6739865887221725
2020-06-19,10791.71,2784.72,3.8753303743284784,3.699428241368831
2020-06-26,10904.99,2869.45,3.800376378748541,3.722713717587687
2020-07-03,10949.59,2839.5,3.8561683394963904,3.7442313652490493
2020-07-10,11036.17,2841.82,3.8834866388441207,3.767106926574432
2020-07-17,11329.2,2859.06,3.9625611214874823,3.7915115611718617
2020-07-24,11264.61,2883.5,3.9065753424657537,3.8150921040047776
2020-07-31,11586.35,2841.5,4.0775470702093966,3.846814190755582
2020-08-07,11929.72,2917.07,4.089624177685143,3.877087354907678
2020-08-14,11948.09,2981.55,4.00734181885261,3.9015079053741375
2020-08-21,12117.02,3139.99,3.85893585648362,3.9197600763631333
2020-08-28,12065.67,3147.21,3.833767050816437,3.9314459751760045
2020-09-04,11916.62,3035.49,3.925764868274974,3.9482106513287007
2020-09-11,12070.75,2985.8,4.042718869314756,3.964226176502117
2020-09-18,12437.02,2981.91,4.170823398425841,3.9843085259800275
2020-09-25,11892.57,2760.15,4.308668007173523,4.002556313224073
2020-10-01,12194.04,2821.11,4.322426279017834,4.0186645484670995
2020-10-09,12206.0,2797.0,4.363961387200572,4.032341756870471
2020-10-16,12121.95,2749.53,4.408735311125901,4.048784413655508
2020-10-23,12003.5,2887.05,4.157704230962401,4.047043415686001
2020-10-30,12018.25,2813.95,4.2709536416780685,4.054684649403881
2020-11-06,12270.6,2941.57,4.171445860543859,4.058033275392959
2020-11-14,12517.0,3172.39,3.9456056789991143,4.0557421050840325
2020-11-20,12453.3,3241.33,3.84203397987863,4.041263360218681
2020-11-27,12700.75,3375.47,3.762661199773661,4.029833399764487
2020-12-04,13026.7,3601.38,3.6171412069817683,4.00974479662318
2020-12-11,13226.6,3661.39,3.6124531940055555,3.9951095874119704
2020-12-18,13481.8,3700.45,3.6432866273020847,3.9815073664599914
2020-12-24,13553.7,3614.88,3.749419067852875,3.973805172842956
2021-01-01,13751.8,3712.91,3.703779515258921,3.9681250123361296
2021-01-08,14396.4,3952.49,3.642362156513995,3.96045528832341
2021-01-15,14142.0,3982.47,3.551062531544494,3.9496463602306107
2021-01-22,14036.95,3792.92,3.7008294401147404,3.9463281289428176
2021-01-29,13206.2,3620.43,3.6476882580245995,3.939378792893758
2021-02-05,14284.05,4032.69,3.542064973999985,3.927998070732287
2021-02-12,14693.2,4090.63,3.591916159613556,3.9156432386698223
2021-02-19,14542.0,4230.94,3.437061267708831,3.8999927695112584
2021-02-26,14255.15,4333.19,3.289758815099269,3.8737331610075874
2021-03-05,14633.85,4454.45,3.2852203975799483,3.8469197016707475
2021-03-12,14724.7,4488.56,3.2804953036163043,3.822691484496204
2021-03-19,14476.55,4392.93,3.295420140999287,3.803907627313393
2021-03-26,14608.6,4246.45,3.440191218547257,3.79078843290442
2021-04-01,15265.7,4436.65,3.4408168325200323,3.7746234983792557
2021-04-09,16033.1,4469.93,3.5868794365907295,3.759428850621788
2021-04-16,15869.9,4382.01,3.6216028717415063,3.7411214997323103
2021-04-23,15907.95,4307.96,3.6926874901345417,3.7205888158310105
2021-04-30,16351.85,4541.37,3.6006425373840933,3.696529357776553
2021-05-07,16785.6,4737.32,3.5432691901750357,3.6691729512090347
2021-05-14,16418.7,4733.01,3.4689764019091447,3.637847654235143
2021-05-21,16877.35,4823.71,3.4988318120285005,3.6158852402706794
2021-05-28,17014.1,4881.79,3.4852175124288425,3.589694035962372
2021-06-04,17731.6,5045.06,3.5146460101564694,3.5678007076161253
2021-06-11,17974.2,5163.53,3.480990717590486,3.552313542235838
2021-06-18,17595.65,4917.5,3.578169801728521,3.5435180696308346
2021-06-25,17829.65,4976.77,3.5825746417857367,3.5375151843645707
2021-07-02,17789.2,4932.5,3.6065281297516476,3.5371614151235664
2021-07-09,17905.75,4969.38,3.6032160953680337,3.536853511835649
2021-07-16,18246.15,5031.46,3.6264126118462636,3.536291044653788
2021-07-23,18215.2,5007.99,3.63722771011923,3.5325513327293336
2021-07-30,18737.05,5057.29,3.7049585845383595,3.532590635038648
2021-08-06,19054.3,5128.01,3.7157298835220676,3.5350362259389168
2021-08-13,19014.05,5099.24,3.728800762466564,3.5409608336363196
2021-08-20,18431.75,4882.65,3.7749480302704477,3.543431453308176
2021-08-27,18830.55,4965.14,3.7925516702449475,3.548260233715521
2021-09-03,19735.95,5159.63,3.8250707899597454,3.5576937609141797
2021-09-09,19816.95,5193.19,3.8159493490513543,3.56516153389544
2021-09-17,19935.8,5323.05,3.74518368228741,3.5754322810480588
2021-09-24,19900.35,5322.29,3.739057811581105,3.59040891426412
2021-10-01,19753.45,5570.56,3.5460438447840072,3.599103029170922
2021-10-08,20353.05,5641.52,3.6077245139607763,3.610010669515738
2021-10-14,21793.25,5947.03,3.664560293121104,3.6223153412531324
2021-10-22,20775.7,5706.78,3.6405293352818933,3.62899327847762
2021-10-29,20399.3,5521.41,3.6945816376613942,3.637452105315665
2021-11-04,20938.95,5670.56,3.6925718094861884,3.6409751844121803
2021-11-12,21404.5,5722.33,3.7405217804635527,3.6449391480362485
2021-11-18,21011.05,5533.73,3.7969055230378066,3.6484130824663574
2021-11-26,20162.55,5327.78,3.7844186509202706,3.654538952917563
2021-12-03,20478.25,5342.94,3.8327681014572503,3.6641889166269705
2021-12-10,21120.15,5468.21,3.8623516653530134,3.677301425408433
2021-12-17,20393.4,5251.48,3.8833624045031123,3.6901191118242536
2021-12-24,20514.8,5197.65,3.9469375583196253,3.7055097800206127
2021-12-31,20774.7,5258.2,3.9509147617055267,3.7200520717389147
2022-01-07,21008.1,5494.55,3.8234432301098358,3.7314671554895598
2022-01-14,21456.1,5645.39,3.800640876892473,3.7388828579950246
2022-01-21,20313.95,5513.89,3.6841413230949476,3.742268414038665
2022-01-28,19455.85,5501.24,3.5366299234354437,3.7399384738281247
2022-02-04,20097.65,5593.27,3.593184308999923,3.7396040809491877
2022-02-11,19726.05,5636.63,3.499617679358056,3.735377583199581
2022-02-18,19500.9,5492.87,3.5502205586514886,3.732477344817323
2022-02-25,19071.15,5215.28,3.65678352840116,3.7308715096127494
2022-03-04,18866.85,5360.57,3.5195604198807215,3.724332527491371
2022-03-11,19436.75,5498.65,3.5348221836268903,3.717866574863382
2022-03-17,19978.6,5522.5,3.6176731552738794,3.7126240790301637
2022-03-25,20077.85,5568.0,3.6059357040229885,3.7064035468227647
2022-04-01,20451.1,5654.77,3.6166104014840563,3.6994548672069083
2022-04-08,20867.45,5890.96,3.5422834308839306,3.6903326699346612
2022-04-13,20448.65,5832.96,3.5057072224050914,3.6823501212719174
2022-04-22,19856.45,5833.94,3.403608881819148,3.671168490279852
2022-04-29,19443.35,5651.97,3.440101415966468,3.667637075985934
2022-05-06,18454.45,5596.53,3.297480760399748,3.6572956175338995
2022-05-13,17258.0,5184.78,3.328588676858035,3.6460965636584635
2022-05-20,17567.35,5387.88,3.260531043750046,3.6334299539407358
2022-05-27,17379.35,5221.1,3.3286759495125544,3.6212330976691076
2022-06-03,17669.55,5330.27,3.314944646331236,3.6086455255639427
2022-06-10,17357.8,5296.4,3.277282682576845,3.5932042223010527
2022-06-17,16159.85,4885.49,3.3077234832125337,3.5768981543068765
2022-06-24,16454.05,4899.31,3.358442311264239,3.562698942985009
2022-07-01,16182.5,4988.16,3.2441822235052604,3.543079413719943
2022-07-08,16783.55,5149.88,3.2590176858489905,3.5229682810698084
2022-07-15,16961.35,5102.66,3.3240211967875575,3.5043235741459564
2022-07-22,17520.5,5335.01,3.284061323221512,3.4822276996426864
2022-07-29,17906.9,5528.76,3.238863687336763,3.458492663830394
2022-08-05,18331.05,5568.02,3.2922026142147476,3.440784643300558
2022-08-12,18832.6,5698.54,3.304811407834287,3.424256994331952
2022-08-19,18876.7,5685.5,3.3201477442617184,3.4121238750375107
2022-08-26,19148.9,5784.25,3.310524268487704,3.404587019872586
2022-09-02,19434.3,5711.07,3.402917491818521,3.3982447926332062
2022-09-09,19692.95,5851.03,3.3657236418203293,3.3937816580486153
2022-09-16,19772.8,5809.81,3.4033470974093816,3.3888858760072114
2022-09-23,19498.35,5606.27,3.477954147766696,3.3829248966527294
2022-09-30,19130.55,5476.39,3.4932775058021797,3.3820487995167783
2022-10-07,19485.95,5626.25,3.4633992446123085,3.3796680348829584
2022-10-14,19030.5,5514.68,3.450880196131054,3.374108269578197
2022-10-21,19426.3,5627.54,3.452005672105396,3.368977268514278
2022-10-28,19771.4,5758.47,3.43344673151028,3.362871812848486
2022-11-04,20337.7,5893.28,3.4509984253251162,3.359828979329858
2022-11-11,20118.45,5959.41,3.375913051795396,3.3555025069762014
2022-11-18,19825.2,5967.24,3.322339976270437,3.3527935434579117
2022-11-25,20080.0,6196.94,3.2403089266638054,3.3461337938144893
2022-12-02,20245.25,6346.19,3.1901424319158425,3.3425558495316925
2022-12-09,20197.15,6362.72,3.174294955616466,3.337412725490307
2022-12-16,19810.8,6337.1,3.1261618090293664,3.3329337509996173
2022-12-23,18925.1,5982.78,3.1632618949719027,3.327419949181596
2022-12-30,19444.95,6363.71,3.055599642346996,3.3187751157154546
2023-01-06,19287.6,6413.17,3.0074986317219095,3.30978231402029
2023-01-13,19282.15,6478.06,2.9765315541998687,3.2987425830532016
2023-01-20,19123.15,6523.81,2.9312855524609085,3.2845040244264236
2023-01-27,18167.25,6271.49,2.896799644103714,3.2729246051130385
2023-02-03,18294.9,6233.4,2.934979305034171,3.262123325752545
2023-02-10,18404.7,6253.39,2.9431556323849946,3.249427806939126
2023-02-17,18410.45,6283.05,2.9301772228455927,3.2376316702599284
2023-02-24,17916.0,6148.25,2.913999918676046,3.2268028779712377
2023-03-03,18570.4,6301.13,2.9471539231852066,3.2153012549369198
2023-03-10,18560.2,6365.19,2.9158909631919867,3.2023372401155097
2023-03-17,18210.95,6320.58,2.8812150150777303,3.18770614914271
2023-03-24,17860.65,6133.45,2.9120071085604353,3.1744222438118017
2023-03-31,18257.05,6250.28,2.920997139328158,3.158358232062122
2023-04-06,18371.05,6302.24,2.9150032369443246,3.1433342185662556
2023-04-13,18658.05,6397.77,2.9163364734899813,3.127100531102276
2023-04-21,18712.15,6444.12,2.903755671837272,3.1079605819046283
2023-04-28,19315.75,6652.59,2.903493225946586,3.088301105909442
2023-05-05,19502.6,6677.44,2.92067019696171,3.070210137654422
2023-05-12,19737.5,6657.34,2.9647727170311264,3.0540065550177578
2023-05-19,19733.3,6622.31,2.979821240624495,3.038267073968394
2023-05-26,20262.65,6743.05,3.004968078243525,3.0239844521928356
2023-06-02,20568.35,6811.71,3.0195574973097794,3.0096030879256577
2023-06-09,20827.8,6857.74,3.0371230172039185,2.9983100867726082
2023-06-16,21281.4,7005.93,3.0376266962416127,2.988819644104981
2023-06-23,20831.15,6955.58,2.9948832448192677,2.9806387880434966
2023-06-30,21312.9,7128.32,2.989891026216556,2.973963741186853
2023-07-07,21372.05,7368.96,2.9002803652075735,2.964829921506557
2023-07-14,21479.15,7371.74,2.9137150794792004,2.957748363854885
2023-07-21,21589.2,7454.78,2.896021076410035,2.9488403365694893
2023-07-28,22084.3,7671.44,2.8787685232498723,2.942945965932919
2023-08-04,21791.0,7530.92,2.893537575754357,2.939147264067333
2023-08-11,21802.65,7610.72,2.8647289612546514,2.9354205109691596
2023-08-18,21704.05,7515.62,2.8878588858936456,2.9339729554169174
2023-08-25,22017.25,7549.42,2.9164160955411145,2.9346268371314976
2023-09-01,22322.2,7729.41,2.8879565193203622,2.933059410941037
2023-09-08,23085.3,8131.87,2.8388673208007504,2.929583133888229
2023-09-15,23008.55,8124.0,2.832170113244707,2.926316230234866
2023-09-22,22800.35,8144.7,2.7994094319004996,2.922496547342348
2023-09-29,23231.25,8287.24,2.8032553660808666,2.9176999287722034
2023-10-06,23041.6,8133.35,2.832977801274997,2.9149361567083036
2023-10-13,23251.15,8239.45,2.821929861823301,2.9129599849331558
2023-10-20,22792.55,8150.71,2.796388290099881,2.9091060243178037
2023-10-27,22409.35,7960.39,2.815107048775248,2.905576354632707
2023-11-03,22831.95,8232.33,2.7734493150784774,2.9008578905705122
2023-11-12,23785.5,8592.22,2.768260123693295,2.895922012243956
2023-11-17,24278.4,8756.96,2.7724689846704798,2.8915457893383962
2023-11-24,24406.6,8765.86,2.784279009703554,2.887571982130295
2023-12-01,25611.95,9251.53,2.7684015508786115,2.8824963605941916
2023-12-08,26365.3,9635.54,2.7362555705232916,2.8748791223772643
2023-12-15,27210.95,10061.79,2.7043846075101943,2.8656979012734545
2023-12-22,26881.3,9919.8,2.709863102078671,2.8558610687346255
2023-12-29,27352.7,10255.35,2.6671639680752,2.8441146177601397
2024-01-05,27870.1,10414.46,2.6760965042834677,2.8320804006627913
2024-01-12,27881.35,10452.1,2.667535710527071,2.819744034472307
2024-01-20,28244.4,10634.81,2.6558443451269937,2.8084427378158976
2024-01-25,28298.1,10539.54,2.684946401835374,2.7982779170031917
2024-02-02,29173.95,11366.63,2.566631446611705,2.787156286383329
2024-02-09,29718.9,11641.94,2.5527446456518414,2.7751239385890836
2024-02-16,30515.2,11875.2,2.5696577741848556,2.7642451618482444
2024-02-23,30328.65,11704.5,2.59119569396386,2.7546594008720438
2024-03-02,30678.5,11839.98,2.5910939038748375,2.7445779451427272
2024-03-07,31479.15,12052.83,2.6117642080739545,2.73614578670337
2024-03-15,29585.45,11133.23,2.6574004129978452,2.728463837606844
2024-03-22,30231.25,11424.69,2.6461330679432002,2.7194544033535797
2024-03-28,30781.15,11579.75,2.6581877847103783,2.711795445533247
2024-04-05,31534.6,12014.65,2.624679037674839,2.7046558360957165
2024-04-12,31527.0,12214.29,2.581156989067723,2.696288731956484
2024-04-19,30745.65,12075.43,2.5461329327402833,2.687846181984477
2024-04-26,32219.2,12581.85,2.5607680905431236,2.679763272799885
2024-05-03,33192.05,13056.58,2.54217030799796,2.6700696896906506
2024-05-10,32310.95,12384.6,2.608961936598679,2.66297075884983
2024-05-18,34044.35,12937.13,2.6315226019990523,2.6574752359131355
2024-05-24,34913.65,13213.74,2.642223170729862,2.6517124399782896
2024-05-31,34162.8,12904.01,2.6474561008554707,2.6475126661708557
2024-06-07,34826.15,12959.78,2.6872485489722817,2.6448122803468217
2024-06-14,36250.15,13423.63,2.7004729719159424,2.6424124132550038
2024-06-21,35453.9,13316.68,2.662367797378926,2.6383487061775166
2024-06-28,35298.95,13443.75,2.6256773593677356,2.633591233127154
2024-07-05,36453.8,13771.55,2.647036825920104,2.6306172749737144
2024-07-12,36270.15,13796.8,2.6288813348022733,2.628100499216784
2024-07-19,34722.4,13537.32,2.5649389982655357,2.623269695756346
2024-07-26,36180.35,14035.6,2.5777558494114965,2.6202894251342226
2024-08-02,35950.7,14030.07,2.5624034662692345,2.6164996572004147
2024-08-09,35834.0,13671.22,2.6211267172937016,2.6149526907593024
2024-08-16,35879.4,13603.11,2.637588022150817,2.614344146660096
2024-08-23,36554.7,13992.19,2.6125074059171576,2.611929513462822
2024-08-30,37102.65,14225.24,2.6082266450337572,2.6133160200768915
2024-09-06,35954.3,13836.05,2.5985956974714606,2.6148443884708783
2024-09-13,36445.85,13808.16,2.639442909120404,2.6171705596353965
2024-09-20,36583.15,13608.06,2.6883442606808026,2.620408845192628
2024-09-27,38115.25,14403.65,2.646221617437247,2.622246435644708
2024-10-04,36407.4,13982.51,2.6037814383826654,2.6219803433216655
2024-10-11,37347.0,13821.86,2.7020241848781565,2.6234678023843423
2024-10-18,36643.4,13793.48,2.6565739755304683,2.623815832637251
2024-10-25,34278.0,12828.16,2.672090151666334,2.6242792448691166
2024-11-01,34784.6,13209.67,2.633267901469151,2.6245655403289265
2024-11-08,34388.65,12994.17,2.646467608165816,2.62674256096553
2024-11-14,32921.1,12461.21,2.641886301571035,2.629934339926555
2024-11-22,33317.3,12639.98,2.6358665124470138,2.632437620656684
2024-11-29,34248.85,12981.63,2.6382549803067876,2.6356404430669786
2024-12-06,35303.7,13438.86,2.626986217580955,2.6362412524330545
2024-12-13,35267.5,13400.94,2.6317183719948,2.63624777809958
2024-12-20,33126.55,12493.65,2.651470947241199,2.636556037316624
2024-12-27,33342.0,12461.05,2.6756974733268866,2.6374974163990053
2025-01-03,33222.15,12687.1,2.618577137407288,2.635208369346839
2025-01-10,31277.35,11804.7,2.649567545130329,2.633511521787318
2025-01-17,30645.55,12065.75,2.5398794107287155,2.6294285755656444
2025-01-24,29919.4,11848.85,2.5250889326812307,2.6260756280094273
2025-02-01,29621.0,11758.45,2.5191245444765253,2.6218118852946413
2025-02-07,30161.3,11873.5,2.5402198172400725,2.6188565013759013
2025-02-14,28280.85,11173.45,2.5310758986705086,2.6177277313894005
2025-02-21,28216.4,11597.5,2.432972623410218,2.6129016238560245
2025-02-28,26676.7,11022.55,2.4201931494980746,2.6081612799636527
2025-03-07,27181.95,11744.95,2.314352125807262,2.5979354602474376
2025-03-13,26613.15,11585.45,2.2971183682981673,2.5865864717856835
2025-03-21,28205.75,12315.8,2.290208512642297,2.575843175343188
2025-03-28,28166.9,12398.7,2.271762362183132,2.5646276992481662
2025-04-04,26935.1,12038.95,2.237329667454387,2.5525854982475975
2025-04-11,26824.6,12032.5,2.2293455225431122,2.538915585361688
2025-04-17,27976.45,12519.25,2.234674601114284,2.5237932633761373
2025-04-25,28822.1,12472.9,2.3107777661971154,2.512611801668133
2025-05-02,29190.8,12494.2,2.336348065502393,2.503697355905457
2025-05-09,28878.0,12170.45,2.372796404405753,2.492723096556377
2025-05-16,30642.1,12865.4,2.381744834983755,2.48356212520482
2025-05-23,30371.85,12848.2,2.363899223237496,2.4732890942571917
2025-05-30,30506.1,12803.55,2.382628255444779,2.4649344393897135
2025-06-06,31299.85,12999.4,2.407791898087604,2.456978582387106
2025-06-13,31023.75,12816.55,2.4206007076787435,2.4496023959240296
2025-06-20,31506.45,12768.0,2.467610432330827,2.4439938599201567
2025-06-27,31852.15,13242.8,2.405242848944332,2.436226788874741
2025-07-04,31443.05,13290.1,2.3659001813379885,2.4275239209999757
2025-07-11,30919.5,13145.6,2.352079783349562,2.4182026347118013
2025-07-18,30690.5,13219.1,2.3216784803806614,2.4072095524831165
2025-07-25,30599.35,12999.65,2.353859526987265,2.396481620938462
2025-08-01,29863.45,12585.05,2.3729305803314253,2.388293402369267
2025-08-08,29703.3,12652.1,2.3476972202243105,2.3782310582057336
2025-08-14,30218.85,12767.1,2.366931409638837,2.372466124836071
2025-08-22,30620.75,12749.1,2.401796989591422,2.368356393399744
2025-08-29,29637.3,12405.55,2.3890355526357157,2.364020093671717
2025-09-05,30150.75,12750.6,2.364653428073973,2.358167880699513
2025-09-12,30758.2,12965.0,2.3724026224450445,2.3528787714919983
2025-09-19,30945.95,13244.8,2.3364603467021023,2.349661695601727
2025-09-26,29826.85,12976.5,2.2985281085038336,2.3456061942352524
2025-10-03,30238.5,13444.7,2.2491018765759,2.3434311859275407
2025-10-10,31106.75,13547.25,2.2961671187879458,2.343399477610533
2025-10-17,31805.55,13485.2,2.35855233886038,2.345677605151136
2025-10-24,31683.5,13674.0,2.3170615767149334,2.347187578968863
2025-10-31,31443.35,14141.15,2.22353556818222,2.3467277756597906
2025-11-07,31417.05,14127.9,2.2237593697577136,2.3465415705669437
2025-11-14,31884.15,14232.45,2.240243246946239,2.3467271920946753
2025-11-21,31866.55,14050.0,2.268081850533808,2.345303994905899
2025-11-28,32145.85,14112.2,2.2778765890506083,2.3433549456908396
2025-12-05,31955.15,14054.3,2.2736920373124243,2.3400514667877284
2025-12-12,31449.2,14067.75,2.235552949121217,2.335178403925644
2025-12-19,31291.95,14183.6,2.206206463803266,2.329921978611169
2025-12-26,31189.6,14363.65,2.1714257866210884,2.3228818963170466
2025-12-31,31147.55,14708.9,2.11759886871214,2.3132087953378644
