Date,Close_mom,Close_val,Return_mom,Return_val,Ratio,Ratio_MA,Signal_Ratio,Signal_Binary,w_mom,w_val,Portfolio_Return,Portfolio_NAV
2005-04-29,924.62,909.96,,,1.0161105982680556,,,0,0.25,0.75,,1000.0
2005-05-31,1013.26,982.72,0.09586640998464224,0.07995955866191928,1.0310770107456855,,,0,0.25,0.75,0.08393627149260002,1083.9362714925999
2005-06-30,1050.1,997.34,0.03635789432129943,0.014877075871051693,1.0529007159043053,,,0,0.25,0.75,0.020247280483613628,1105.8830332078728
2005-07-29,1143.5,1088.12,0.08894391010379965,0.09102211883610378,1.0508951218615594,,,0,0.25,0.75,0.09050256665302775,1205.9682861312208
2005-08-31,1146.63,1096.75,0.0027372103191956043,0.007931110539278752,1.0454798267608845,,,0,0.25,0.75,0.006632635484257965,1213.9670341787044
2005-09-30,1246.8,1206.45,0.08736035163915101,0.1000227946204697,1.0334452318786522,1.0383180842365238,-0.004872852357871604,0,0.25,0.75,0.09685718387514003,1331.5484624265096
2005-10-31,1132.55,1068.58,-0.09163458453641327,-0.11427742550457964,1.0598644930655636,1.0456104000361084,0.01425409302945524,1,0.75,0.25,-0.09729529477845486,1201.995062262924
2005-11-30,1310.23,1183.6,0.15688490574367586,0.10763817402534204,1.1069871578235893,1.0582620912157592,0.04872506660783005,1,0.75,0.25,0.1445732228140924,1375.7713622209003
2005-12-30,1396.2,1262.39,0.06561443410698886,0.06656809733017921,1.1059973542249226,1.0671115309358619,0.03888582328906076,1,0.75,0.25,0.06585284991278645,1466.3698272515428
2006-01-31,1532.52,1303.48,0.09763644177052,0.03254937063823382,1.1757142418755946,1.0879147176048678,0.08779952427072679,1,0.75,0.25,0.08136467398744845,1585.6805301908958
2006-02-28,1579.93,1310.65,0.030935974734424443,0.0055006597723019635,1.2054553084347461,1.1145772978838446,0.0908780105509015,1,0.75,0.25,0.024577145993893823,1624.6520320810723
2006-03-31,1765.65,1396.48,0.11754951168722672,0.06548659062297335,1.2643575274977086,1.153062680487021,0.11129484701068759,1,0.75,0.25,0.10453378142116337,1794.483052488084
2006-04-29,1886.24,1427.27,0.06829779401353608,0.02204829285059584,1.321571952048316,1.1966805903174798,0.12489136173083626,1,0.75,0.25,0.05673541872280102,1896.2937998619655
2006-05-31,1565.67,1238.2,-0.16995186190516576,-0.1324696798783691,1.2644726215474076,1.2229281676047825,0.04154445394262507,1,0.75,0.25,-0.1605813163984666,1591.7844452018808
2006-06-30,1552.3,1124.17,-0.008539475112890993,-0.09209336133096424,1.3808409760089664,1.2687354379021232,0.1121055381068432,1,0.75,0.25,-0.029427946667409305,1544.941497442468
2006-07-31,1548.68,1125.85,-0.00233202344907546,0.0014944358949267045,1.3755651285695254,1.3020439190177784,0.07352120955174701,1,0.75,0.25,-0.0013754086130749188,1542.8165716001888
2006-08-31,1695.64,1278.76,0.09489371593873486,0.13581738242217,1.3260033157120963,1.3221352535640034,0.0038680621480928767,1,0.75,0.25,0.10512463255959364,1705.0045967965104
2006-09-29,1797.42,1414.11,0.060024533509471345,0.10584472457693384,1.271060949996818,1.323252490647188,-0.05219154065037013,0,0.25,0.75,0.09438967681006821,1865.9394296478138
2006-10-31,1881.0,1421.24,0.04649998330941019,0.005042040576758611,1.3234921617742252,1.3235725256015065,-8.036382728127123e-05,0,0.25,0.75,0.015406526259921505,1894.6870744701057
2006-11-30,1976.95,1400.16,0.05101010101010095,-0.014832118431791885,1.4119457776254143,1.348151384947841,0.06379439267757325,1,0.75,0.25,0.03454954614962774,1960.1476529886138
2006-12-29,1990.93,1374.4,0.007071499026277905,-0.018397897383156225,1.4485811990686845,1.3594414221244604,0.08913977694422415,1,0.75,0.25,0.0007041499239193727,1961.5278908093362
2007-01-31,1997.75,1411.49,0.003425534800319374,0.02698632130384171,1.415348319860573,1.366071954006302,0.049276365854270976,1,0.75,0.25,0.009315731426199958,1979.8009578251167
2007-02-28,1819.41,1245.23,-0.08927042923288697,-0.11779042005256857,1.4611035712278053,1.3885886632589202,0.07251490796888516,1,0.75,0.25,-0.09640042693780737,1788.9473002388957
2007-03-30,1826.31,1240.11,0.0037924382079903562,-0.004111690209840813,1.4727000024191403,1.422195171995974,0.050504830423166336,1,0.75,0.25,0.001816406103532564,1792.1967550339477
2007-04-30,2011.93,1373.65,0.10163663343025009,0.10768399577456855,1.464659847850617,1.4457231196753721,0.018936728175244832,1,0.75,0.25,0.1031484740163297,1977.0591154527174
2007-05-31,2110.85,1489.92,0.04916672051214488,0.08464310413860887,1.4167539196735395,1.4465244766833933,-0.02977055700985387,0,0.25,0.75,0.07577400823199287,2126.8688091421677
2007-06-29,2231.57,1513.79,0.05719023142336033,0.0160209944158074,1.4741608809676376,1.4507877569998857,0.02337312396775193,1,0.5,0.5,0.03660561291958386,2204.7241455003623
2007-07-31,2358.56,1588.08,0.05690612438776288,0.0490754992436202,1.4851644753412927,1.4624237829133389,0.022740692427953846,1,0.75,0.25,0.05494846810172721,2325.8703598824964
2007-08-31,2297.93,1523.54,-0.02570636320466735,-0.04064027001158632,1.508283340115783,1.4702870777280017,0.0379962623877812,1,0.75,0.25,-0.02943983990639709,2257.3971088445214
2007-09-28,2675.34,1830.49,0.16423911955542603,0.20147157278443628,1.4615430840922377,1.4684275913401847,-0.0068845072479470915,0,0.25,0.75,0.19216345947718372,2691.186346693877
2007-10-31,3461.03,1967.33,0.2936785604820322,0.07475593966642813,1.7592523877539612,1.517526347990742,0.24172603976321927,1,0.5,0.5,0.18421725007423018,3186.9492949191367
2007-11-30,3695.2,2130.32,0.06765904947371149,0.08284832742854542,1.7345750873108263,1.5704965425969564,0.16407854471386996,1,0.75,0.25,0.07145636896241997,3414.677119601403
2007-12-31,3967.13,2504.78,0.07359006278415259,0.1757764091779639,1.5838237290300943,1.5887736839406992,-0.0049499549106049034,0,0.5,0.5,0.12468323598105824,3840.430112703785
2008-01-31,3187.69,1915.49,-0.1964745294457202,-0.23526617108089343,1.6641642608418734,1.6186069815241293,0.045557279317744115,1,0.75,0.25,-0.2061724398545135,3048.6392662769017
2008-02-29,3104.67,2014.41,-0.026043937773120973,0.05164213856506694,1.5412304347178578,1.6240981639578085,-0.08286772923995067,0,0.25,0.75,0.03222061948051996,3146.868312008981
2008-03-31,2558.96,1723.67,-0.17577069382575283,-0.14433010161784343,1.4845997203641068,1.6279409366697866,-0.14334121630567975,0,0.25,0.75,-0.15219024966982078,2667.9456379262865
2008-04-30,2922.67,1916.52,0.14213195985869254,0.1118833651453004,1.5249879990816688,1.5888968718910714,-0.0639088728094026,0,0.25,0.75,0.11944551382364843,2986.619775501953
2008-05-30,2706.56,1803.1,-0.07394266201794941,-0.059180180744265676,1.5010592867838723,1.5499775718032456,-0.04891828501937323,0,0.25,0.75,-0.06287080106268661,2798.848597746484
2008-06-30,2091.26,1397.25,-0.22733654528257263,-0.22508457656258662,1.496697083556987,1.5354564642243942,-0.03875938066740714,0,0.25,0.75,-0.22564756874258313,2167.2952163864015
2008-07-31,2320.03,1574.61,0.10939338006751909,0.12693505099302183,1.4733997624808686,1.503662381164227,-0.030262618683358333,0,0.25,0.75,0.12254963326164614,2432.8964503242746
2008-08-29,2325.42,1587.05,0.0023232458200970196,0.007900368980255479,1.4652468416243976,1.4909984489819834,-0.02575160735758586,0,0.25,0.75,0.006506088190215864,2448.725089187748
2008-09-30,2037.1,1461.99,-0.12398620464260224,-0.07880028984594056,1.3933747836852508,1.4757942928688408,-0.08241950918358998,0,0.25,0.75,-0.09009676854510598,2228.1028715966054
2008-10-31,1480.36,1106.89,-0.2733002798095332,-0.24288811824978274,1.3374048008383848,1.4445304264949603,-0.10712562565657557,0,0.25,0.75,-0.2504911586397204,1669.9828017218836
2008-11-28,1473.3,1110.49,-0.004769110216433781,0.003252355699301601,1.3267116318021774,1.4154724839980108,-0.0887608521958334,0,0.25,0.75,0.0012469892203677557,1672.06525227383
2008-12-31,1572.82,1254.85,0.06754903957103098,0.12999666813748867,1.2533928357971074,1.374921776038031,-0.12152894024092364,0,0.25,0.75,0.11438476099587425,1863.3240365246781
2009-01-30,1563.84,1169.1,-0.005709489960707526,-0.06833486074032757,1.3376443418013857,1.3522958725914505,-0.01465153079006476,0,0.25,0.75,-0.05267851804542256,1765.1668876421434
2009-02-27,1512.52,1051.4,-0.03281665643544096,-0.10067573347019054,1.4385771352482404,1.3478509215287577,0.09072621371948264,1,0.75,0.25,-0.049781425694128356,1677.29436338725
2009-03-31,1650.95,1088.3,0.09152275672387811,0.03509606239299967,1.5169989892492879,1.3684549557894305,0.14854403345985734,1,0.75,0.25,0.0774160831411585,1807.143923275434
2009-04-29,1754.6,1341.32,0.0627820345861474,0.23249104107323348,1.308114394775296,1.3635732214455825,-0.055458826670286454,0,0.25,0.75,0.19006378945146196,2150.616545417345
2009-05-29,1998.02,2018.17,0.13873247463809424,0.504614857006531,0.9900157072991869,1.3074572340284174,-0.31744152672923054,0,0.25,0.75,0.4131442614144218,3039.131429659429
2009-06-30,2031.8,1945.85,0.016906737670293603,-0.03583444407557346,1.044170927872138,1.2725869160409224,-0.2284159881687844,0,0.25,0.75,-0.022649148639106692,2970.297690175292
2009-07-31,2260.15,2170.03,0.11238803031794475,0.11520929156923732,1.0415293797781597,1.2232344223703848,-0.18170504259222509,0,0.25,0.75,0.11450397625641417,3310.4085863656055
2009-08-31,2252.11,2240.14,-0.0035572860208392676,0.032308309101717336,1.0053434160364978,1.151028802501761,-0.1456853864652632,0,0.25,0.75,0.023341910321078185,3387.6798467146787
2009-09-30,2425.85,2631.21,0.07714543250551698,0.1745739105591615,0.9219522577065304,1.0518543472446347,-0.12990208953810423,0,0.25,0.75,0.15021679104575036,3896.566242378517
2009-10-30,2313.86,2458.11,-0.0461652616608611,-0.06578722336871623,0.9413167026699375,0.9907213985604084,-0.04940469589047092,0,0.25,0.75,-0.06088173294175245,3659.3365370201805
2009-11-30,2538.15,2689.33,0.09693326303233563,0.09406413870819441,0.9437852550635288,0.9830163231877987,-0.03923106812426991,0,0.25,0.75,0.09478141978922972,4006.1736494855563
2009-12-31,2630.06,2744.76,0.036211413825030014,0.02061108157050273,0.9582112825893702,0.9686897156406707,-0.010478433051300584,0,0.25,0.75,0.024511164634134552,4104.369631361029
2010-01-29,2502.39,2670.57,-0.04854261879957111,-0.027029685655576507,0.9370246801244677,0.9512722656983889,-0.01424758557392114,0,0.25,0.75,-0.03240791894157516,3971.355553041618
2010-02-26,2526.87,2653.33,0.00978264778871396,-0.006455550687681,0.9523391361044423,0.942438219043046,0.009900917061396286,1,0.75,0.25,0.0057230981696152206,3994.0840107381214
2010-03-31,2655.16,2801.72,0.050770320594252905,0.05592594965571562,0.9476892765872393,0.946727722189831,0.0009615543974083041,1,0.75,0.25,0.052059227859618584,4202.012940343597
2010-04-30,2719.15,2976.15,0.0241002425465886,0.06225818425824148,0.9136468255968281,0.9421160760109794,-0.02846925041415127,0,0.25,0.75,0.05271869883032826,4423.537595026713
2010-05-31,2595.89,2920.25,-0.04533034220252663,-0.01878265544411406,0.8889273178666209,0.9329730864781615,-0.044045768611540526,0,0.25,0.75,-0.025419577133717203,4311.0931399260335
2010-06-30,2659.32,3129.34,0.024434779593896616,0.07160003424364358,0.849802194711984,0.9149049051652637,-0.06510271045327964,0,0.25,0.75,0.05980872058120684,4568.934104931427
2010-07-30,2784.41,3232.24,0.04703834062843115,0.03288233301590737,0.8614490260624211,0.9023089628215892,-0.0408599367591681,0,0.25,0.75,0.03642133491903832,4735.340784190151
2010-08-31,2889.83,3472.44,0.037860803545454846,0.074313788580056,0.8322188432341523,0.8822889140098744,-0.05007007077572212,0,0.25,0.75,0.06520054232140571,5044.0875713960195
2010-09-30,3122.08,3724.58,0.08036804933162167,0.07261176579004958,0.8382367944842103,0.8640468336593695,-0.025810039175159227,0,0.25,0.75,0.0745508366754426,5420.128520107794
2010-10-29,3270.06,3940.66,0.047397888587095816,0.05801459493419392,0.8298254607096274,0.8500766061781694,-0.02025114546854201,0,0.25,0.75,0.05536041834741939,5720.1891024777415
2010-11-30,3188.9,3677.35,-0.024819116468810964,-0.06681875624895317,0.8671733721293867,0.8464509485552969,0.02072242357408982,1,0.75,0.25,-0.035319026413846516,5518.157592475132
2010-12-31,3113.0,3608.91,-0.02380131079682657,-0.018611228194216012,0.8625873186086658,0.8485818025380772,0.01400551607058853,1,0.75,0.25,-0.02250379014617393,5393.978132020555
2011-01-31,2819.42,3256.16,-0.09430774172823642,-0.09774419423039094,0.8658726843889736,0.849319078925836,0.016553605463137555,1,0.75,0.25,-0.09516685485377505,4880.650198046118
2011-02-28,2748.88,3040.52,-0.025019330216853097,-0.06622524691661336,0.904082196466394,0.8612963044645429,0.04278589200185112,1,0.75,0.25,-0.03532080939179316,4708.261682692914
2011-03-31,2994.04,3352.65,0.08918541369575972,0.10265678239248555,0.8930368514458712,0.8704296472914864,0.022607204154384775,1,0.75,0.25,0.09255325586994118,5144.026630913831
2011-04-29,3016.41,3359.37,0.0074715100666657985,0.0020043845912933733,0.8979094294465927,0.881776975414314,0.016132454032278698,1,0.75,0.25,0.006104728697822692,5175.429517909934
2011-05-31,2943.37,3260.63,-0.02421421491110287,-0.02939241583987462,0.9026997850108721,0.887698044227895,0.015001740782977113,1,0.75,0.25,-0.02550876514329581,5043.410701821888
2011-06-30,2951.95,3251.63,0.0029150259736288042,-0.0027602027828977915,0.9078369925237495,0.8952396565470755,0.012597335976674007,1,0.75,0.25,0.0014962187844971553,5050.956747651888
2011-07-29,2939.97,3207.7,-0.004058334321380808,-0.013510147218472102,0.9165352121457743,0.9036834111732089,0.01285180097256533,1,0.75,0.25,-0.006421287545653631,5018.523101994556
2011-08-30,2721.56,2920.97,-0.07428987370619422,-0.08938803504068338,0.9317315823168332,0.9082916421482822,0.023439940168551,1,0.75,0.25,-0.07806441403981651,4626.755036692069
2011-09-30,2693.97,2817.25,-0.010137568159438004,-0.03550875222956751,0.9562410151743721,0.9188256694363656,0.037415345738006534,1,0.75,0.25,-0.01648036417697038,4550.5044287297505
2011-10-31,2830.16,2935.13,0.05055364387873662,0.04184222202502452,0.9642366777621433,0.9298802108222907,0.034356466939852615,1,0.75,0.25,0.048375788415308596,4770.638668156906
2011-11-30,2698.34,2619.82,-0.046576871978969314,-0.10742624687833247,1.029971524761243,0.9510921674473525,0.07887935731389062,1,0.75,0.25,-0.0617892157038101,4475.864646445221
2011-12-30,2574.1,2320.87,-0.046043122808838155,-0.11411089311479428,1.109109945839276,0.984637659666607,0.12447228617266892,1,0.75,0.25,-0.06306006538532719,4193.616329184511
2012-01-31,2740.9,2943.86,0.06479934734470305,0.2684295113470381,0.9310565040457087,0.9870578749832627,-0.056001370937553974,0,0.25,0.75,0.21752197034645432,5105.820015985791
2012-02-29,2855.55,3267.75,0.041829326133751676,0.11002221573036763,0.873858159283911,0.9774123044777757,-0.10355414519386474,0,0.25,0.75,0.09297399333121364,5580.528492102431
2012-03-30,2944.43,3188.82,0.031125352383953864,-0.02415423456506771,0.9233603652761836,0.9719321961614109,-0.04857183088522732,0,0.25,0.75,-0.010334337827812318,5522.857425407312
2012-04-30,2949.87,3087.13,0.0018475562332946893,-0.031889539077150864,0.9555379915973735,0.9704824151339494,-0.01494442353657588,0,0.25,0.75,-0.023455265249539475,5393.317339558995
2012-05-31,2827.76,2821.16,-0.04139504452738585,-0.08615445413701406,1.002339463199535,0.9658770715403313,0.03646239165920373,1,0.75,0.25,-0.0525848969297929,5109.71030314862
2012-06-29,2970.08,3043.61,0.050329589498401495,0.07885054374796185,0.9758411885885511,0.9436656119985437,0.03217557659000736,1,0.75,0.25,0.057459828060791585,5403.313378607996
2012-07-31,2992.82,2871.01,0.00765635942466214,-0.05670897388298757,1.0424275777513836,0.9622274576161564,0.08020012013522726,1,0.75,0.25,-0.008434973902250287,5357.736571273758
2012-08-31,3069.08,2625.15,0.025480984489544944,-0.08563536873783095,1.1691065272460621,1.0114355189431814,0.15767100830288072,1,0.75,0.25,-0.00229810381729903,5345.423936407231
2012-09-28,3310.35,2999.09,0.07861313488081123,0.14244519360798424,1.1037848147271339,1.0415062605183398,0.062278554208794024,1,0.75,0.25,0.09457114956260448,5850.946822972725
2012-10-31,3284.26,2849.41,-0.0078813418520699,-0.04990847223657857,1.1526105404276676,1.074351685323389,0.07825885510427866,1,0.75,0.25,-0.01838812444819707,5743.35888465212
2012-11-30,3503.34,3043.52,0.0667060464153264,0.06812287455999666,1.1510816423089056,1.099142048508284,0.05193959380062174,1,0.75,0.25,0.06706025345149397,6128.50998711978
2012-12-31,3530.15,3289.02,0.007652697140443143,0.08066317947639567,1.073313631416045,1.1153874556461998,-0.04207382423015482,0,0.25,0.75,0.06241055889240754,6510.993720593627
2013-01-31,3458.32,3328.51,-0.020347577298415076,0.012006615952472321,1.038999432178362,1.114816098050696,-0.07581666587233404,0,0.25,0.75,0.003918067639750472,6536.5042343929035
2013-02-28,3350.37,2875.75,-0.031214578176687047,-0.136024827926009,1.1650421629140224,1.114138703995356,0.05090345891866632,1,0.75,0.25,-0.05741714061401754,6161.196851642645
2013-03-28,3387.39,2698.46,0.01104952587326169,-0.0616500043466921,1.2553048775968514,1.1393920478069757,0.11591282978987572,1,0.75,0.25,-0.007125356681726758,6117.296126488359
2013-04-30,3616.11,2928.62,0.06752101175241121,0.0852930930975444,1.2347487895322713,1.1530817559910764,0.08166703354119487,1,0.75,0.25,0.07196403208869451,6557.521421231014
2013-05-31,3700.28,2818.6,0.023276393693775876,-0.03756718181259433,1.312807776910523,1.1800361117580125,0.1327716651525106,1,0.75,0.25,0.008065499817183325,6610.41110905513
2013-06-28,3596.75,2526.57,-0.027978963754094366,-0.10360817427091451,1.4235702949057416,1.2384122223396288,0.18515807256611283,1,0.75,0.25,-0.0468862663832994,6300.473612892849
2013-07-31,3615.43,2230.09,0.00519357753527494,-0.11734485884024581,1.6212036285531075,1.335446255068753,0.2857573734843546,1,0.75,0.25,-0.025441031558605248,6140.183064873082
2013-08-30,3400.18,2095.98,-0.0595364866696354,-0.06013658641579489,1.6222387618202463,1.4116456882197903,0.21059307360045598,1,0.75,0.25,-0.059686511606175274,5773.696957107494
2013-09-30,3662.99,2288.99,0.07729296684293185,0.09208580234544206,1.6002647455864814,1.4691389995513953,0.1311257460350861,1,0.75,0.25,0.0809911757185594,6241.315461906298
2013-10-31,3870.88,2596.77,0.05675418169309787,0.1344610505069923,1.4906518482576432,1.511789509338957,-0.021137661081313874,0,0.25,0.75,0.1150343333035187,6959.281025003632
2013-11-29,3817.23,2679.42,-0.013859897491009798,0.03182800170981648,1.4246478715542916,1.5304295251129185,-0.1057816535586269,0,0.25,0.75,0.02040602690960991,7101.292300871394
2013-12-31,3939.08,2841.97,0.03192105270051848,0.06066611430832025,1.3860385577609897,1.5241742355887933,-0.13813567782780356,0,0.25,0.75,0.05347984890636981,7481.068340161964
2014-01-31,3905.98,2544.74,-0.008402977344963758,-0.10458590344021934,1.5349230176756763,1.5097941337758882,0.025128883899788068,1,0.75,0.25,-0.032448708868777654,7238.317331564619
2014-02-28,4026.95,2526.73,0.03097046067824194,-0.007077343854381857,1.593739734755989,1.5050442959318453,0.08869543882414366,1,0.75,0.25,0.02145850954508599,7393.64083311436
2014-03-31,4056.39,3084.5,0.007310743863221614,0.22074776489771364,1.3150883449505593,1.4575148958258584,-0.1424265508752991,0,0.25,0.75,0.16738850963909063,8631.251352976096
2014-04-30,4182.03,3180.98,0.030973353153912697,0.03127897552277514,1.314698614892266,1.4281893569316286,-0.11349074203936271,0,0.25,0.75,0.03120256993055953,8900.56857690557
2014-05-30,4379.65,4156.19,0.047254562975397096,0.3065753321303497,1.0537655881949575,1.3663756430384062,-0.3126100548434487,0,0.25,0.75,0.24174513984161156,11052.23777219946
2014-06-30,4821.33,4496.53,0.10084824129782066,0.08188749792478212,1.0722334778151152,1.3140747963807604,-0.24184131856564517,0,0.25,0.75,0.08662768376804175,12009.667530858762
2014-07-31,4843.79,4120.41,0.0046584656101118505,-0.08364672313984334,1.1755601991063995,1.254180993285881,-0.07862079417948142,0,0.25,0.75,-0.06157042595235454,11270.227185437627
2014-08-28,5155.69,4040.1,0.06439172631348589,-0.019490778830262068,1.2761293037301056,1.2012459214482338,0.07488338228187175,1,0.75,0.25,0.0434211000275489,11759.592847389713
2014-09-30,5300.4,3834.49,0.028068018053839516,-0.050892304645924646,1.3822959507000931,1.212447189073156,0.16984876162693707,1,0.75,0.25,0.008327937378898476,11857.526000224118
2014-10-31,5611.14,4196.27,0.058625764093276134,0.09434892254250249,1.3371732514828645,1.2161929618382559,0.12098028964460861,1,0.75,0.25,0.06755655370558272,12658.5795922736
2014-11-28,5881.96,4351.82,0.04826470200351429,0.03706863476373057,1.3516092117780607,1.2658335657687732,0.08577564600928755,1,0.75,0.25,0.04546568519356836,13234.110587013642
2014-12-31,5826.1,4246.19,-0.009496834388537101,-0.02427260318671276,1.3720770855755398,1.3158075003955105,0.056269585180029225,1,0.75,0.25,-0.013190776588081016,13059.542390918388
2015-01-30,6361.32,4128.34,0.09186591373302888,-0.02775429267178331,1.5408905274274889,1.3766958884490255,0.16419463897846343,1,0.75,0.25,0.06196086213182583,13868.722896506819
2015-02-28,6405.13,4029.88,0.006886935415920004,-0.023849779814647087,1.5894096102117183,1.4289092728626276,0.16050033734909075,1,0.75,0.25,-0.0007972433917217692,13857.666148825958
2015-03-31,6441.12,3758.23,0.005618933573557472,-0.06740895510536293,1.7138706252677456,1.4841717186239032,0.2296989066438424,1,0.75,0.25,-0.01263803859617263,13682.53242918422
2015-04-30,6207.59,3777.11,-0.0362561169486052,0.005023641448234972,1.6434760968041704,1.5352221928441205,0.10825390396004986,1,0.75,0.25,-0.025936177349395156,13327.659841512048
2015-05-29,6493.35,3773.08,0.046033968093897926,-0.0010669533055696068,1.7209680155204767,1.5967819934678567,0.12418602205262008,1,0.75,0.25,0.03425873774403104,13784.248644764064
2015-06-30,6454.93,3499.0,-0.005916822595424587,-0.07264091935500971,1.8447927979422694,1.675567945528978,0.16922485241329133,1,0.75,0.25,-0.02259784678532087,13472.754305838918
2015-07-31,6890.03,3576.99,0.06740584328567456,0.022289225492997833,1.9262089074892579,1.7397876755392732,0.18642123194998472,1,0.75,0.25,0.05612668883750538,14228.9353945469
2015-08-31,6562.2,3276.41,-0.04758034435263703,-0.08403154607644969,2.0028628895651033,1.8086965554315038,0.19416633413359952,1,0.75,0.25,-0.056693144783590194,13422.252300107502
2015-09-30,6579.23,3227.98,0.0025951662552192722,-0.01478142234946167,2.0381879689465237,1.8627494460446334,0.17543852290189021,1,0.75,0.25,-0.0017489808959509634,13398.77703725398
2015-10-30,6586.36,3323.76,0.001083713443670531,0.029671807136351536,1.9815991527667458,1.919103288705063,0.06249586406168284,1,0.75,0.25,0.008230736866840782,13509.058845385087
2015-11-30,6348.9,3340.03,-0.0360532980280458,0.004895058608323177,1.9008511899593714,1.949083817778212,-0.04823262781884052,0,0.25,0.75,-0.005342030550769067,13436.893040320903
2015-12-31,6403.94,3275.29,0.00866921828978251,-0.01938305943359797,1.9552283919897169,1.9674897501194533,-0.012261358129736388,0,0.25,0.75,-0.012369990002752851,13270.678807744074
2016-01-29,6045.81,2895.04,-0.055923384666314635,-0.11609658992028182,2.088333839946944,1.9945105721957344,0.09382326775120964,1,0.75,0.25,-0.07096668597980643,12328.90271205603
2016-02-29,5552.91,2578.87,-0.08152753725307282,-0.10921092627390294,2.15323378068689,2.019572387382699,0.13366139330419102,1,0.75,0.25,-0.08844838450828035,11238.431184414918
2016-03-31,6084.35,3052.45,0.09570477461367122,0.18363857038160125,1.9932677029926782,2.012085676390391,-0.01881797339771296,0,0.25,0.75,0.16165512143961874,13055.181142322308
2016-04-29,6265.79,3205.27,0.0298207696795878,0.050064702124523075,1.9548399978784938,2.007625817242349,-0.05278581936385507,0,0.25,0.75,0.045003719013289256,13642.712846118973
2016-05-31,6407.14,3160.83,0.022559006924904867,-0.01386466662714847,2.0270435297058054,2.0286578738667544,-0.0016143441609490772,0,0.25,0.75,-0.0047587482391351354,13577.790610385478
2016-06-30,6586.25,3385.53,0.027954750481494095,0.0710889228462146,1.9454117966758526,2.027021774647777,-0.08160997797192437,0,0.25,0.75,0.06030537975503447,14396.604429379118
2016-07-29,7181.84,3729.42,0.09042930347314493,0.10157641491878677,1.9257257160630876,1.9999204206671344,-0.07419470460404676,0,0.25,0.75,0.09878963705737631,15818.839755816096
2016-08-31,7417.2,3946.5,0.03277154601049315,0.05820744244413345,1.8794374762447739,1.9542877032601151,-0.07485022701534128,0,0.25,0.75,0.051848468335723374,16639.02236800341
2016-09-30,7375.19,3939.11,-0.005663862373941675,-0.0018725452932978337,1.872298564904255,1.934126180245378,-0.06182761534112302,0,0.25,0.75,-0.002820374563458794,16592.09409255587
2016-10-30,7509.77,4160.18,0.018247665483872355,0.05612181431846275,1.8051550654058237,1.909178691499933,-0.1040236260941092,0,0.25,0.75,0.04665327710981515,17366.16965608801
2016-11-30,7203.34,4120.19,-0.04080417908937295,-0.009612564840944526,1.7483028695278617,1.8627219148036092,-0.11441904527574742,0,0.25,0.75,-0.017410468403051632,17063.816508008655
2016-12-30,6948.67,3978.63,-0.03535443280478223,-0.034357638846752137,1.746498166454282,1.8295696431000141,-0.08307147664573211,0,0.25,0.75,-0.03460683733625966,16473.291785780217
2017-01-31,7826.06,4404.61,0.12626732885573788,0.10706700547675951,1.7767884103246374,1.8047467588102724,-0.027958348485634943,0,0.25,0.75,0.1118670863215041,18316.11093997942
2017-02-28,8086.43,4546.65,0.03326961459533906,0.03224803104020557,1.7785468421805066,1.7879316531328946,-0.009384810952387967,0,0.25,0.75,0.03250342692898894,18911.447313540295
2017-03-31,8405.11,4647.19,0.03940923250433137,0.022112984285133086,1.808643502847958,1.7773224761235114,0.03132102672444659,1,0.75,0.25,0.0350851704495318,19574.958665983195
2017-04-28,8819.64,4796.42,0.0493188072493993,0.03211187836090201,1.8387964356749407,1.7829293711683645,0.05586706450657619,1,0.75,0.25,0.04501707502727498,20456.166048905565
2017-05-31,8785.94,4623.01,-0.0038210176379079863,-0.03615404822763646,1.9004804229279193,1.8082922967350408,0.09218812619287853,1,0.75,0.25,-0.011904275285340105,20212.650216976766
2017-06-30,8674.41,4413.16,-0.012694145418703173,-0.045392504017945146,1.965577953212664,1.8448055945281043,0.12077235868455971,1,0.75,0.25,-0.020868735068513666,19790.837774566142
2017-07-31,9346.8,4718.65,0.07751420557709388,0.06922250722838053,1.9808207856060527,1.87881099040834,0.10200979519771258,1,0.75,0.25,0.07544128098991554,21283.88392814302
2017-08-31,9696.35,4803.06,0.03739782599392316,0.017888591016498534,2.0187859406295154,1.9188508401498419,0.09993510047967358,1,0.75,0.25,0.032520517249567005,21976.04684256598
2017-09-29,9709.3,4686.41,0.0013355541002542104,-0.02428660062543475,2.0717990956830494,1.9627101056223568,0.10908899006069261,1,0.75,0.25,-0.00506998458116803,21864.628623919143
2017-10-31,10288.22,5214.38,0.05962530769468444,0.11265979715816599,1.9730476106459442,1.9850853014508576,-0.012037690804913348,0,0.25,0.75,0.0994011747922956,24037.998395533956
2017-11-30,10081.61,5014.47,-0.020082191088448664,-0.038338210870707545,2.0105036025741505,2.0034224980585624,0.007081104515588077,1,0.5,0.5,-0.029210200979578105,23335.843631253636
2017-12-29,10733.76,5198.76,0.06468708866936934,0.036751640751664594,2.0646769614292637,2.0199389994279957,0.044737962001268006,1,0.75,0.25,0.057703226689943155,24682.39710630893
2018-01-31,10639.64,5251.56,-0.008768595534090595,0.010156268033146398,2.025996084972846,2.027468215989128,-0.0014721310162824075,0,0.5,0.5,0.0006938362495279016,24699.52264814653
2018-02-28,10279.74,4891.87,-0.033826332469895526,-0.06849202903518203,2.101392718939792,2.041236012374174,0.06015670656561767,1,0.75,0.25,-0.04249275661121715,23649.971843845593
2018-03-28,10115.02,4573.04,-0.016023751573483347,-0.06517548503946347,2.211880936969718,2.064582985921952,0.14729795104776588,1,0.75,0.25,-0.028311684939978377,22980.401292163275
2018-04-30,10954.05,4712.76,0.08294892150485111,0.030552980074523894,2.3243386041300638,2.1231314848359726,0.20120711929409119,1,0.75,0.25,0.06984993614726931,24585.580855059503
2018-05-31,10694.31,4563.37,-0.023711777835595083,-0.031699046843038925,2.3435114838376023,2.178632798379881,0.1648786854577211,1,0.75,0.25,-0.025708595087456043,23953.52011186687
2018-06-29,10627.71,4236.9,-0.006227610757496338,-0.07154142662111562,2.5083693266303193,2.2525815259133903,0.25578780071692897,1,0.75,0.25,-0.02255606472340116,23413.22296187031
2018-07-31,11000.7,4344.05,0.03509598963464389,0.025289716538035023,2.53236035496829,2.336975570912631,0.19538478405565884,1,0.75,0.25,0.03264442136049167,24177.534077644745
2018-08-31,11594.66,4484.99,0.0539929277227813,0.03244437794224275,2.585214236821041,2.417612490559506,0.16760174626153512,1,0.75,0.25,0.048605790277646665,25352.7022284534
2018-09-28,10631.94,4077.0,-0.08303132648995304,-0.09096787283806651,2.607785136129507,2.4835965237528037,0.12418861237670331,1,0.75,0.25,-0.0850154630769814,23197.330508248615
2018-10-31,10009.27,4001.69,-0.05856598137310787,-0.018471915624233448,2.501260717346921,2.51308354262228,-0.011822825275359161,0,0.25,0.75,-0.028495432061452053,22536.312552743766
2018-11-30,10512.66,3877.23,0.050292378964699624,-0.03110185946437627,2.7113841582779457,2.574395655029004,0.13698850324894174,1,0.5,0.5,0.009595259750161678,22752.55432549817
2018-12-31,10471.19,4091.36,-0.003944767546938621,0.055227572261640434,2.5593421258456845,2.582891121564898,-0.02354899571921365,0,0.25,0.75,0.04043448730949567,23672.542194631136
2019-01-31,10711.95,3808.51,0.022992611154988074,-0.06913349106409605,2.812635387592523,2.6296036270022705,0.18303176059025272,1,0.75,0.25,-3.891439978295774e-05,23671.620991860298
2019-02-28,10660.86,3757.01,-0.004769439737862813,-0.013522348635030546,2.8375915954442497,2.6716665201061383,0.1659250753381114,1,0.75,0.25,-0.006957666962154746,23506.921736544584
2019-03-29,11188.09,4237.79,0.049454734421050306,0.12796878368702758,2.640076549333497,2.677048422306804,-0.03697187297330684,0,0.25,0.75,0.10834027137053326,26053.668016567713
2019-04-30,11474.94,4122.99,0.025638871335500468,-0.027089591508781763,2.7831597942270054,2.7240316017868174,0.059128192440188077,1,0.5,0.5,-0.0007253600866406473,26034.76972567791
2019-05-31,11320.99,4156.05,-0.013416192154381723,0.008018452627825967,2.7239782966999915,2.726130624857159,-0.0021523281571673714,0,0.25,0.75,0.0026597914322740446,26104.0167831355
2019-06-28,11231.11,4137.89,-0.007939234996232614,-0.004369533571540241,2.714211832600673,2.7519422426496565,-0.037730410048983476,0,0.25,0.75,-0.005261958927713334,25966.658518974302
2019-07-31,10361.86,3644.97,-0.07739662419832061,-0.11912351464152027,2.8427833425240814,2.7569669018049168,0.08581644071916461,1,0.75,0.25,-0.08782834680912052,23686.04982909582
2019-08-30,10283.03,3369.44,-0.0076077074965305025,-0.07559184300556654,3.051851346217769,2.7926768602671697,0.25917448595059955,1,0.75,0.25,-0.02460374137378951,23103.284384934057
2019-09-30,10866.71,3470.53,0.05676147983619595,0.030002018139512865,3.131138471645541,2.874520513985843,0.25661795765969764,1,0.75,0.25,0.05007161441202518,24260.103132307835
2019-10-31,11114.52,3615.13,0.022804510288762847,0.041665105906014244,3.0744454556267686,2.9230681242191374,0.1513773314076312,1,0.75,0.25,0.027519659193075696,24927.73290249782
2019-11-29,11261.47,3630.61,0.013221443661084686,0.004282003690047054,3.1018120921828563,2.9860404234662816,0.11577166871657463,1,0.75,0.25,0.010986583668325278,25201.603525692775
2019-12-31,11490.82,3630.0,0.02036590249763126,-0.00016801584306769257,3.1655151515151516,3.061257643285361,0.10425750822979074,1,0.75,0.25,0.015232422912456522,25585.485008668184
2020-01-31,11817.43,3441.48,0.028423558980125163,-0.05193388429752066,3.433822076548462,3.159764098956092,0.27405797759237016,1,0.75,0.25,0.008334198160713707,25798.719510768395
2020-02-28,11475.15,3050.9,-0.02896399640192504,-0.11349186977695636,3.7612343898521745,3.2779946062284924,0.48323978362368214,1,0.75,0.25,-0.05009596474568287,24506.307767673177
2020-03-31,9252.38,2233.84,-0.19370291455885114,-0.2678094988364089,4.141917057622748,3.4464577038913604,0.6954593537313873,1,0.75,0.25,-0.21222956062824058,19305.34483751946
2020-04-30,10540.04,2567.26,0.1391706782471107,0.14925867564373463,4.1055600133995,3.6183101301868152,0.4872498832126846,1,0.75,0.25,0.1416926775962667,22040.770839466855
2020-05-29,10210.7,2565.19,-0.031246560734114914,-0.0008063071134205568,3.9804848763639344,3.764755594216995,0.21572928214693965,1,0.75,0.25,-0.023636497328941325,21519.80421839199
2020-06-30,10878.78,2773.69,0.06542940248954521,0.08128052892768167,3.9221326103493905,3.890858504022701,0.03127410632668948,1,0.75,0.25,0.06939218409907932,23013.110434490787
2020-07-31,11586.35,2841.5,0.0650413005870143,0.024447577054393266,4.0775470702093966,3.9981460029661906,0.07940106724320595,1,0.75,0.25,0.05489286970385904,24276.36610705181
2020-08-31,11659.47,3033.71,0.006310874434140024,0.06764385007918361,3.843304073230467,4.011824283529239,-0.16852021029877218,0,0.25,0.75,0.05231060616792271,25546.277533666107
2020-09-30,12090.36,2796.83,0.0369562252829676,-0.07808261171964359,4.322879831809585,4.041984745893712,0.28089508591587276,1,0.5,0.5,-0.020563193218337994,25020.964492732044
2020-10-30,12018.25,2813.95,-0.005964255820339548,0.0061212158050363286,4.2709536416780685,4.069550350606807,0.20140329107126131,1,0.75,0.25,-0.002942887913995579,24947.33059872987
2020-11-27,12700.75,3375.47,0.05678863395253053,0.19954867712645918,3.762661199773661,4.033246404508428,-0.27058520473476655,0,0.5,0.5,0.12816865553949486,28144.796420868377
2020-12-31,13654.7,3682.44,0.07510973761392048,0.0909414096407315,3.708057700872248,3.9975672529289046,-0.2895095520566566,0,0.25,0.75,0.08698349163402874,30592.92908488442
2021-01-29,13206.2,3620.43,-0.03284583330281876,-0.01683937823834203,3.6476882580245995,3.925924117564771,-0.2782358595401715,0,0.25,0.75,-0.020840992004461212,29955.342094433294
2021-02-26,14255.15,4333.19,0.07942860171737509,0.19687164231873,3.289758815099269,3.833666574542905,-0.5439077594436359,0,0.25,0.75,0.16751088216839127,34973.18787432776
2021-03-31,14935.1,4304.29,0.04769855104997145,-0.006669451374160751,3.4698173217882626,3.6914894895393515,-0.2216721677510889,0,0.25,0.75,0.006922549231872299,35215.29148918331
2021-04-30,16351.85,4541.37,0.09486042945812212,0.05507993188191307,3.6006425373840933,3.579770972157022,0.020871565227071454,1,0.75,0.25,0.08491530506406986,38205.608708907464
2021-05-31,17124.4,4913.84,0.04724541871409049,0.08201710056656908,3.4849323543298114,3.533482831249714,-0.048550476919902774,0,0.5,0.5,0.06463125964032979,40674.8853250897
2021-06-30,17842.65,4952.51,0.04194307537782338,0.00786960910408152,3.6027489091390024,3.51593136596084,0.08681754317816237,1,0.75,0.25,0.033424708809387915,42034.43152293607
2021-07-30,18737.05,5057.29,0.05012708314067682,0.02115694869874063,3.7049585845383595,3.5254764203797997,0.17948216415855978,1,0.75,0.25,0.04288454953019277,43837.05918355493
2021-08-31,19420.55,5109.02,0.03647852783655914,0.01022879842761637,3.801228024161189,3.6107212885567868,0.19050673560440234,1,0.75,0.25,0.029916095484323446,45148.49283184209
2021-09-30,19793.4,5544.06,0.019198735360224095,0.08515135975196797,3.5701994567158364,3.627451644378049,-0.05725218766221252,0,0.25,0.75,0.068663203654032,48248.532989827465
2021-10-29,20399.3,5521.41,0.030611213838956264,-0.004085453620631951,3.6945816376613942,3.6431081610909324,0.05147347657046186,1,0.5,0.5,0.013262880109162156,48888.4474983145
2021-11-30,19942.7,5234.7,-0.022383120989445615,-0.05192695344124054,3.8097121133971386,3.6972381209354865,0.11247399246165202,1,0.75,0.25,-0.029769079102394347,47433.08343754392
2021-12-31,20774.7,5258.2,0.041719526443259936,0.004489273501824265,3.9509147617055267,3.7552657630299073,0.19564899867561936,1,0.75,0.25,0.03241196320790102,48970.48279275889
2022-01-31,19897.25,5565.47,-0.04223647032207445,0.05843634703891065,3.5751248322244122,3.733626804310916,-0.15850197208650396,0,0.25,0.75,0.03326814269866438,50599.63980233089
2022-02-28,19335.2,5359.45,-0.028247622158841024,-0.03701753850079159,3.607683624252489,3.701369404326133,-0.09368578007364414,0,0.25,0.75,-0.03482505941530395,48837.50433982173
2022-03-31,20314.7,5533.28,0.05065890189912703,0.032434298295534125,3.671366711968308,3.718230613534878,-0.04686390156656994,0,0.25,0.75,0.03699044919643235,50644.025562984454
2022-04-29,19443.35,5651.97,-0.04289258517231376,0.021450206748980793,3.440101415966468,3.6758172432523906,-0.23571582728592277,0,0.25,0.75,0.005364508768657156,50915.70588219718
2022-05-31,17969.65,5362.18,-0.07579455186477624,-0.051272388211543896,3.3511836603769365,3.5993958344156898,-0.24821217403875329,0,0.25,0.75,-0.05740292912485198,47992.9952260996
2022-06-30,16361.5,4993.44,-0.08949256106824566,-0.06876680752977349,3.2765988977538534,3.487009857090411,-0.21041095933655773,0,0.25,0.75,-0.07394824591439153,44443.997412951765
2022-07-29,17906.9,5528.76,0.09445344253277521,0.10720465250408551,3.238863687336763,3.4309663329424698,-0.1921026456057069,0,0.25,0.75,0.10401685001125793,49066.9220257555
2022-08-30,19405.55,5815.14,0.0836912028324277,0.05179823323855626,3.337073570025829,3.385864657238026,-0.04879108721219705,0,0.25,0.75,0.05977147563702412,51999.724360201704
2022-09-30,19130.55,5476.39,-0.014171203598970394,-0.05825311170496328,3.4932775058021797,3.3561831228770047,0.13709438292517495,1,0.75,0.25,-0.025191680625468615,50689.7639115071
2022-10-31,20019.85,5779.5,0.0464858563920012,0.05534850512837841,3.4639415174323034,3.360156473121311,0.10378504431099245,1,0.75,0.25,0.048701518576095504,53158.43239026126
2022-11-30,20264.3,6265.22,0.01221038119666229,0.08404187213426773,3.2344115609667337,3.340694456552944,-0.10628289558621029,0,0.25,0.75,0.06608399939986637,56671.35420443712
2022-12-30,19444.95,6363.71,-0.04043317558464876,0.01572011836775089,3.055599642346996,3.3038612473184674,-0.24826160497147143,0,0.25,0.75,0.0016817948796509774,56766.66379776104
2023-01-31,18610.65,6353.61,-0.04290574159357563,-0.001587124491845171,2.929145792706824,3.252241598213477,-0.3230958055066533,0,0.25,0.75,-0.011916778767277786,56090.188023926676
2023-02-28,17890.95,6091.08,-0.03867140588856388,-0.04131981660819595,2.9372377312397804,3.1856022917491362,-0.24836456050935585,0,0.25,0.75,-0.04065771392828793,53809.68920506599
2023-03-31,18257.05,6250.28,0.020462859713989312,0.02613658004820163,2.920997139328158,3.0902222306701326,-0.1692250913419744,0,0.25,0.75,0.02471814996464855,55139.76517238793
2023-04-28,19315.75,6652.59,0.057988557844777855,0.06436671637110658,2.903493225946586,2.9968141820891794,-0.09332095614259339,0,0.25,0.75,0.0627721767395244,58601.00825716494
2023-05-31,20459.9,6760.69,0.05923404475622229,0.016249310418949614,3.0263035281901702,2.962129509959752,0.06417401823041802,1,0.75,0.25,0.04848786117190412,61442.445810071964
2023-06-30,21312.9,7128.32,0.0416913083641659,0.05437758571980078,2.989891026216556,2.9511780739380122,0.03871295227854388,1,0.75,0.25,0.04486287770307462,64198.93074222702
2023-07-31,22275.85,7776.77,0.045181556709785964,0.09096813835518058,2.8644090027093507,2.940388608938434,-0.07597960622908317,0,0.25,0.75,0.07952149294383193,69304.12556024658
2023-08-31,22211.65,7570.67,-0.0028820449051325525,-0.026502005331262235,2.9339080953204935,2.9398336696185527,-0.0059255742980592885,0,0.25,0.75,-0.020597015224729814,67876.66743094558
2023-09-29,23231.25,8287.24,0.045903838751285786,0.09465080369372858,2.8032553660808666,2.920210040744004,-0.11695467466313758,0,0.25,0.75,0.08246406245811788,73474.05317341998
2023-10-31,22381.7,8028.41,-0.036569276298089815,-0.031232352387525864,2.7878122816348445,2.900929883358714,-0.11311760172386931,0,0.25,0.75,-0.03256658336516685,71081.2542955711
2023-11-30,25061.65,9072.15,0.11973844703485437,0.13000581684293655,2.762481881362191,2.8569596088873843,-0.09447772752519334,0,0.25,0.75,0.127438974390916,80139.77644141858
2023-12-29,27352.7,10255.35,0.0914165667464033,0.13042112398935202,2.6671639680752,2.803171765863824,-0.13600779778862426,0,0.25,0.75,0.12066998467861484,89810.24203675217
2024-01-31,29048.5,11030.11,0.06199753589225199,0.07554690966178623,2.633563944511886,2.76469758949758,-0.1311336449856939,0,0.25,0.75,0.07215956621940267,96290.91014418376
2024-02-29,29990.8,11458.52,0.03243885226431664,0.038840047832705116,2.617336270303669,2.711935618661443,-0.09459934835777384,0,0.25,0.75,0.037239748940608,99876.7594632158
2024-03-28,30781.15,11579.75,0.026353081611694362,0.010579900371077589,2.6581877847103783,2.687757688433028,-0.02956990372264956,0,0.25,0.75,0.014523195681231782,101327.2891849074
2024-04-30,32577.95,12780.34,0.058373387608974925,0.1036801312636284,2.549067552193447,2.6479669001927952,-0.0988993479993483,0,0.25,0.75,0.09235344534996504,110685.21344910584
2024-05-31,34162.8,12904.01,0.048647935183153024,0.009676581374204352,2.6474561008554707,2.6287959367750084,0.018660164080462227,1,0.75,0.25,0.038905096730915856,114991.43238502537
2024-06-28,35298.95,13443.75,0.03325693444331246,0.04182730794535949,2.6256773593677356,2.621881501990431,0.003795857377304479,1,0.75,0.25,0.03539952781882422,119062.07479466552
2024-07-31,37012.75,14325.58,0.048551019222951464,0.06559404927940493,2.583682475683358,2.6135679238523433,-0.029885448168985196,0,0.25,0.75,0.061333291765291564,126364.54376622771
2024-08-30,37102.65,14225.24,0.002428892746418443,-0.0070042539289857375,2.6082266450337572,2.6120496529740245,-0.0038230079402672423,0,0.25,0.75,-0.004645967260134692,125777.45823304796
2024-09-30,37588.9,14421.6,0.013105532893203042,0.013803633541507931,2.6064306318300328,2.6034234608273006,0.0030071710027321785,1,0.75,0.25,0.013280058055279265,127447.7901804283
2024-10-31,34516.1,13111.49,-0.081747537171878,-0.09084359571753486,2.632507823290869,2.6173301726768705,0.015177650613998672,1,0.75,0.25,-0.08402155180829221,116739.42907493109
2024-11-29,34248.85,12981.63,-0.00774276352195058,-0.00990429005399085,2.6382549803067876,2.6157966525854235,0.022458327721364135,1,0.75,0.25,-0.008283145154960647,115772.45943859621
2024-12-31,32825.0,12416.15,-0.04157365867759055,-0.04356001519069641,2.6437341688043396,2.6188061208248574,0.024928047979482226,1,0.75,0.25,-0.04207024780586702,110901.88338091978
2025-01-31,29528.55,12022.55,-0.10042498095963448,-0.03170064794642469,2.4560970842292194,2.5975418889158344,-0.14144480468661502,0,0.25,0.75,-0.048881731199727135,105480.80732795017
2025-02-28,26676.7,11022.55,-0.09657941212826227,-0.0831770298314417,2.4201931494980746,2.5662029729932203,-0.14600982349514569,0,0.25,0.75,-0.08652762540564685,96353.8035439921
2025-03-28,28166.9,12398.7,0.05586148211735331,0.12484860581262969,2.271762362183132,2.5104249280520703,-0.23866256586893808,0,0.25,0.75,0.1076018248888106,106721.64864030358
2025-04-30,29270.6,12489.2,0.039184290781022924,0.007299152330486169,2.34367293341447,2.462285779739337,-0.11861284632486724,0,0.25,0.75,0.015270436943120358,108351.3348463312
2025-05-30,30506.1,12803.55,0.042209589144055704,0.025169746661115155,2.382628255444779,2.419681325595669,-0.037053070150889766,0,0.25,0.75,0.029429707281850292,111540.08291445648
2025-06-30,31901.15,13310.75,0.045730198222650564,0.03961401330099856,2.396645568431531,2.378499892200201,0.01814567623133012,1,0.75,0.25,0.044201151992237564,116470.28307258515
2025-07-31,30226.65,12814.7,-0.052490270726917365,-0.03726687076235369,2.358748156414118,2.362275070897684,-0.0035269144835661237,0,0.5,0.5,-0.044878570744635526,111243.26323406442
2025-08-29,29637.3,12405.55,-0.019497694914917818,-0.03192817623510513,2.3890355526357157,2.357082138087291,0.0319534145484246,1,0.75,0.25,-0.022605315244964647,108728.5741997798
2025-09-30,29844.65,13283.9,0.006996251345433135,0.07080298737258728,2.2466783098337086,2.3529014626957205,-0.1062231528620119,0,0.25,0.75,0.05485130336579874,114692.47820774266
2025-10-31,31443.35,14141.15,0.05356738980018183,0.06453300612019053,2.22353556818222,2.3328785684903455,-0.1093430003081255,0,0.25,0.75,0.061791602040188354,121779.51017815848
2025-11-28,32145.85,14112.2,0.022341767019099512,-0.0020472168105138966,2.2778765890506083,2.31541995742465,-0.03754336837404182,0,0.25,0.75,0.004050029146889456,122272.72074387393
2025-12-31,31147.55,14708.9,-0.031055330625881727,0.04228256402261854,2.11759886871214,2.268912174138085,-0.151313305425945,0,0.25,0.75,0.023948090360493474,125200.9189088716
