Date,Close_mom,Close_val,Return_mom,Return_val,Ratio,YearMonth,regime,switch_to_value,w_mom,w_val,Portfolio_Return,Portfolio_NAV
2005-04-29,924.62,909.96,,,1.0161105982680556,2005-04,momentum,False,0.75,0.25,,1000.0
2005-05-31,1013.26,982.72,0.09586640998464224,0.07995955866191928,1.0310770107456855,2005-05,momentum,False,0.75,0.25,0.0918896971539615,1091.8896971539616
2005-06-30,1050.1,997.34,0.03635789432129943,0.014877075871051693,1.0529007159043053,2005-06,momentum,False,0.75,0.25,0.030987689708737498,1125.724836285536
2005-07-29,1143.5,1088.12,0.08894391010379965,0.09102211883610378,1.0508951218615594,2005-07,momentum,False,0.75,0.25,0.08946346228687568,1226.4360777219663
2005-08-31,1146.63,1096.75,0.0027372103191956043,0.007931110539278752,1.0454798267608845,2005-08,momentum,False,0.75,0.25,0.004035685374216391,1231.3855878632403
2005-09-30,1246.8,1206.45,0.08736035163915101,0.1000227946204697,1.0334452318786522,2005-09,momentum,False,0.75,0.25,0.09052596238448068,1342.8579532709398
2005-10-31,1132.55,1068.58,-0.09163458453641327,-0.11427742550457964,1.0598644930655636,2005-10,momentum,False,0.75,0.25,-0.09729529477845486,1212.204192861851
2005-11-30,1310.23,1183.6,0.15688490574367586,0.10763817402534204,1.1069871578235893,2005-11,momentum,False,0.75,0.25,0.1445732228140924,1387.4564597326444
2005-12-30,1396.2,1262.39,0.06561443410698886,0.06656809733017921,1.1059973542249226,2005-12,momentum,False,0.75,0.25,0.06585284991278645,1478.8244217359443
2006-01-31,1532.52,1303.48,0.09763644177052,0.03254937063823382,1.1757142418755946,2006-01,momentum,False,0.75,0.25,0.08136467398744845,1599.1484886951666
2006-02-28,1579.93,1310.65,0.030935974734424443,0.0055006597723019635,1.2054553084347461,2006-02,momentum,False,0.75,0.25,0.024577145993893823,1638.450994567742
2006-03-31,1765.65,1396.48,0.11754951168722672,0.06548659062297335,1.2643575274977086,2006-03,momentum,False,0.75,0.25,0.10453378142116337,1809.7244727031741
2006-04-29,1886.24,1427.27,0.06829779401353608,0.02204829285059584,1.321571952048316,2006-04,momentum,False,0.75,0.25,0.05673541872280102,1912.399948434889
2006-05-31,1565.67,1238.2,-0.16995186190516576,-0.1324696798783691,1.2644726215474076,2006-05,momentum,False,0.75,0.25,-0.1605813163984666,1605.304247234855
2006-06-30,1552.3,1124.17,-0.008539475112890993,-0.09209336133096424,1.3808409760089664,2006-06,momentum,False,0.75,0.25,-0.029427946667409305,1558.0634394622618
2006-07-31,1548.68,1125.85,-0.00233202344907546,0.0014944358949267045,1.3755651285695254,2006-07,momentum,False,0.75,0.25,-0.0013754086130749188,1555.9204655879084
2006-08-31,1695.64,1278.76,0.09489371593873486,0.13581738242217,1.3260033157120963,2006-08,momentum,False,0.75,0.25,0.10512463255959364,1719.4860328247892
2006-09-29,1797.42,1414.11,0.060024533509471345,0.10584472457693384,1.271060949996818,2006-09,momentum,False,0.75,0.25,0.07147958127633697,1842.3941744616147
2006-10-31,1881.0,1421.24,0.04649998330941019,0.005042040576758611,1.3234921617742252,2006-10,momentum,False,0.75,0.25,0.03613549762624729,1908.9700047794845
2006-11-30,1976.95,1400.16,0.05101010101010095,-0.014832118431791885,1.4119457776254143,2006-11,momentum,False,0.75,0.25,0.03454954614962774,1974.924052057868
2006-12-29,1990.93,1374.4,0.007071499026277905,-0.018397897383156225,1.4485811990686845,2006-12,momentum,False,0.75,0.25,0.0007041499239193727,1976.3146946788713
2007-01-31,1997.75,1411.49,0.003425534800319374,0.02698632130384171,1.415348319860573,2007-01,momentum,False,0.75,0.25,0.009315731426199958,1994.7255115881521
2007-02-28,1819.41,1245.23,-0.08927042923288697,-0.11779042005256857,1.4611035712278053,2007-02,momentum,False,0.75,0.25,-0.09640042693780737,1802.433120647318
2007-03-30,1826.31,1240.11,0.0037924382079903562,-0.004111690209840813,1.4727000024191403,2007-03,momentum,False,0.75,0.25,0.001816406103532564,1805.7070711688712
2007-04-30,2011.93,1373.65,0.10163663343025009,0.10768399577456855,1.464659847850617,2007-04,momentum,False,0.75,0.25,0.1031484740163297,1991.9630000804366
2007-05-31,2110.85,1489.92,0.04916672051214488,0.08464310413860887,1.4167539196735395,2007-05,momentum,False,0.75,0.25,0.05803581641876088,2107.5681990660687
2007-06-29,2231.57,1513.79,0.05719023142336033,0.0160209944158074,1.4741608809676376,2007-06,momentum,False,0.75,0.25,0.046897922171472095,2206.4087684369388
2007-07-31,2358.56,1588.08,0.05690612438776288,0.0490754992436202,1.4851644753412927,2007-07,momentum,False,0.75,0.25,0.05494846810172721,2327.6475502687667
2007-08-31,2297.93,1523.54,-0.02570636320466735,-0.04064027001158632,1.508283340115783,2007-08,momentum,False,0.75,0.25,-0.02943983990639709,2259.1219790303367
2007-09-28,2675.34,1830.49,0.16423911955542603,0.20147157278443628,1.4615430840922377,2007-09,momentum,False,0.75,0.25,0.1735472328626786,2651.18634719031
2007-10-31,3461.03,1967.33,0.2936785604820322,0.07475593966642813,1.7592523877539612,2007-10,momentum,False,0.75,0.25,0.2389479052781312,3284.6817713534147
2007-11-30,3695.2,2130.32,0.06765904947371149,0.08284832742854542,1.7345750873108263,2007-11,momentum,False,0.75,0.25,0.07145636896241997,3519.393203931379
2007-12-31,3967.13,2504.78,0.07359006278415259,0.1757764091779639,1.5838237290300943,2007-12,momentum,False,0.75,0.25,0.09913664938260541,3868.294054029048
2008-01-31,3187.69,1915.49,-0.1964745294457202,-0.23526617108089343,1.6641642608418734,2008-01,momentum,False,0.75,0.25,-0.2061724398545135,3070.758430835172
2008-02-29,3104.67,2014.41,-0.026043937773120973,0.05164213856506694,1.5412304347178578,2008-02,momentum,False,0.75,0.25,-0.006622418688573994,3050.422582814713
2008-03-31,2558.96,1723.67,-0.17577069382575283,-0.14433010161784343,1.4845997203641068,2008-03,value,True,0.5,0.5,-0.16005039772179813,2562.2012352156635
2008-04-30,2922.67,1916.52,0.14213195985869254,0.1118833651453004,1.5249879990816688,2008-04,value,True,0.5,0.5,0.12700766250199647,2887.620424960133
2008-05-30,2706.56,1803.1,-0.07394266201794941,-0.059180180744265676,1.5010592867838723,2008-05,value,True,0.5,0.5,-0.06656142138110754,2695.4163050656684
2008-06-30,2091.26,1397.25,-0.22733654528257263,-0.22508457656258662,1.496697083556987,2008-06,momentum,False,0.75,0.25,-0.22677355310257613,2084.16717247531
2008-07-31,2320.03,1574.61,0.10939338006751909,0.12693505099302183,1.4733997624808686,2008-07,value,True,0.5,0.5,0.11816421553027046,2330.4411514447966
2008-08-29,2325.42,1587.05,0.0023232458200970196,0.007900368980255479,1.4652468416243976,2008-08,value,True,0.5,0.5,0.005111807400176249,2342.3539177684274
2008-09-30,2037.1,1461.99,-0.12398620464260224,-0.07880028984594056,1.3933747836852508,2008-09,momentum,False,0.75,0.25,-0.11268972594343682,2078.394696712568
2008-10-31,1480.36,1106.89,-0.2733002798095332,-0.24288811824978274,1.3374048008383848,2008-10,value,True,0.5,0.5,-0.25809419902965797,1541.973082197049
2008-11-28,1473.3,1110.49,-0.004769110216433781,0.003252355699301601,1.3267116318021774,2008-11,value,True,0.5,0.5,-0.0007583772585660897,1540.8036848781896
2008-12-31,1572.82,1254.85,0.06754903957103098,0.12999666813748867,1.2533928357971074,2008-12,value,True,0.5,0.5,0.09877285385425982,1692.993262062768
2009-01-30,1563.84,1169.1,-0.005709489960707526,-0.06833486074032757,1.3376443418013857,2009-01,momentum,False,0.75,0.25,-0.021365832655612538,1656.8210513384554
2009-02-27,1512.52,1051.4,-0.03281665643544096,-0.10067573347019054,1.4385771352482404,2009-02,momentum,False,0.75,0.25,-0.049781425694128356,1574.3421372827825
2009-03-31,1650.95,1088.3,0.09152275672387811,0.03509606239299967,1.5169989892492879,2009-03,momentum,False,0.75,0.25,0.0774160831411585,1696.2215390752956
2009-04-29,1754.6,1341.32,0.0627820345861474,0.23249104107323348,1.308114394775296,2009-04,momentum,False,0.75,0.25,0.10520928620791892,1874.679796451905
2009-05-29,1998.02,2018.17,0.13873247463809424,0.504614857006531,0.9900157072991869,2009-05,momentum,False,0.75,0.25,0.23020307023020342,2306.2368412936667
2009-06-30,2031.8,1945.85,0.016906737670293603,-0.03583444407557346,1.044170927872138,2009-06,momentum,False,0.75,0.25,0.0037214422338268383,2314.819368476064
2009-07-31,2260.15,2170.03,0.11238803031794475,0.11520929156923732,1.0415293797781597,2009-07,momentum,False,0.75,0.25,0.1130933456307679,2576.6100353879233
2009-08-31,2252.11,2240.14,-0.0035572860208392676,0.032308309101717336,1.0053434160364978,2009-08,momentum,False,0.75,0.25,0.005409112759799883,2590.5472096073686
2009-09-30,2425.85,2631.21,0.07714543250551698,0.1745739105591615,0.9219522577065304,2009-09,momentum,False,0.75,0.25,0.1015025520189281,2853.49436250803
2009-10-30,2313.86,2458.11,-0.0461652616608611,-0.06578722336871623,0.9413167026699375,2009-10,momentum,False,0.75,0.25,-0.05107075208782488,2707.7642593363767
2009-11-30,2538.15,2689.33,0.09693326303233563,0.09406413870819441,0.9437852550635288,2009-11,momentum,False,0.75,0.25,0.09621598195130032,2968.2944564410614
2009-12-31,2630.06,2744.76,0.036211413825030014,0.02061108157050273,0.9582112825893702,2009-12,momentum,False,0.75,0.25,0.032311330761398194,3064.204000420353
2010-01-29,2502.39,2670.57,-0.04854261879957111,-0.027029685655576507,0.9370246801244677,2010-01,momentum,False,0.75,0.25,-0.04316438551357246,2931.9395176539783
2010-02-26,2526.87,2653.33,0.00978264778871396,-0.006455550687681,0.9523391361044423,2010-02,value,True,0.5,0.5,0.0016635485505164804,2936.8169413887736
2010-03-31,2655.16,2801.72,0.050770320594252905,0.05592594965571562,0.9476892765872393,2010-03,momentum,False,0.75,0.25,0.052059227859618584,3089.7053637225195
2010-04-30,2719.15,2976.15,0.0241002425465886,0.06225818425824148,0.9136468255968281,2010-04,momentum,False,0.75,0.25,0.03363972797450182,3193.6422116795043
2010-05-31,2595.89,2920.25,-0.04533034220252663,-0.01878265544411406,0.8889273178666209,2010-05,momentum,False,0.75,0.25,-0.03869342051292349,3070.0692706151663
2010-06-30,2659.32,3129.34,0.024434779593896616,0.07160003424364358,0.849802194711984,2010-06,value,True,0.5,0.5,0.0480174069187701,3217.486036051106
2010-07-30,2784.41,3232.24,0.04703834062843115,0.03288233301590737,0.8614490260624211,2010-07,value,True,0.5,0.5,0.03996033682216926,3346.0578617723345
2010-08-31,2889.83,3472.44,0.037860803545454846,0.074313788580056,0.8322188432341523,2010-08,momentum,False,0.75,0.25,0.046974049804105134,3503.2357504186457
2010-09-30,3122.08,3724.58,0.08036804933162167,0.07261176579004958,0.8382367944842103,2010-09,momentum,False,0.75,0.25,0.07842897844622865,3777.990951580287
2010-10-29,3270.06,3940.66,0.047397888587095816,0.05801459493419392,0.8298254607096274,2010-10,momentum,False,0.75,0.25,0.05005206517387034,3967.0872009150753
2010-11-30,3188.9,3677.35,-0.024819116468810964,-0.06681875624895317,0.8671733721293867,2010-11,momentum,False,0.75,0.25,-0.035319026413846516,3826.9735432799234
2010-12-31,3113.0,3608.91,-0.02380131079682657,-0.018611228194216012,0.8625873186086658,2010-12,momentum,False,0.75,0.25,-0.02250379014617393,3740.852133766992
2011-01-31,2819.42,3256.16,-0.09430774172823642,-0.09774419423039094,0.8658726843889736,2011-01,momentum,False,0.75,0.25,-0.09516685485377505,3384.847001723354
2011-02-28,2748.88,3040.52,-0.025019330216853097,-0.06622524691661336,0.904082196466394,2011-02,momentum,False,0.75,0.25,-0.03532080939179316,3265.291465955101
2011-03-31,2994.04,3352.65,0.08918541369575972,0.10265678239248555,0.8930368514458712,2011-03,momentum,False,0.75,0.25,0.09255325586994118,3567.5048224935786
2011-04-29,3016.41,3359.37,0.0074715100666657985,0.0020043845912933733,0.8979094294465927,2011-04,momentum,False,0.75,0.25,0.006104728697822692,3589.2834715630756
2011-05-31,2943.37,3260.63,-0.02421421491110287,-0.02939241583987462,0.9026997850108721,2011-05,momentum,False,0.75,0.25,-0.02550876514329581,3497.7252824542597
2011-06-30,2951.95,3251.63,0.0029150259736288042,-0.0027602027828977915,0.9078369925237495,2011-06,momentum,False,0.75,0.25,0.0014962187844971553,3502.9586447248785
2011-07-29,2939.97,3207.7,-0.004058334321380808,-0.013510147218472102,0.9165352121457743,2011-07,momentum,False,0.75,0.25,-0.006421287545653631,3480.465140006567
2011-08-30,2721.56,2920.97,-0.07428987370619422,-0.08938803504068338,0.9317315823168332,2011-08,momentum,False,0.75,0.25,-0.07806441403981651,3208.764668265946
2011-09-30,2693.97,2817.25,-0.010137568159438004,-0.03550875222956751,0.9562410151743721,2011-09,momentum,False,0.75,0.25,-0.01648036417697038,3155.8830579747273
2011-10-31,2830.16,2935.13,0.05055364387873662,0.04184222202502452,0.9642366777621433,2011-10,momentum,False,0.75,0.25,0.048375788415308596,3308.5513890507705
2011-11-30,2698.34,2619.82,-0.046576871978969314,-0.10742624687833247,1.029971524761243,2011-11,momentum,False,0.75,0.25,-0.0617892157038101,3104.1185936055717
2011-12-30,2574.1,2320.87,-0.046043122808838155,-0.11411089311479428,1.109109945839276,2011-12,momentum,False,0.75,0.25,-0.06306006538532719,2908.372672128994
2012-01-31,2740.9,2943.86,0.06479934734470305,0.2684295113470381,0.9310565040457087,2012-01,momentum,False,0.75,0.25,0.1157068883452868,3244.891424169507
2012-02-29,2855.55,3267.75,0.041829326133751676,0.11002221573036763,0.873858159283911,2012-02,value,True,0.5,0.5,0.07592577093205966,3491.2623071404064
2012-03-30,2944.43,3188.82,0.031125352383953864,-0.02415423456506771,0.9233603652761836,2012-03,momentum,False,0.75,0.25,0.01730545564669847,3551.680192147615
2012-04-30,2949.87,3087.13,0.0018475562332946893,-0.031889539077150864,0.9555379915973735,2012-04,momentum,False,0.75,0.25,-0.006586717594316699,3528.2862777366104
2012-05-31,2827.76,2821.16,-0.04139504452738585,-0.08615445413701406,1.002339463199535,2012-05,momentum,False,0.75,0.25,-0.0525848969297929,3342.751707483028
2012-06-29,2970.08,3043.61,0.050329589498401495,0.07885054374796185,0.9758411885885511,2012-06,momentum,False,0.75,0.25,0.057459828060791585,3534.8256458449205
2012-07-31,2992.82,2871.01,0.00765635942466214,-0.05670897388298757,1.0424275777513836,2012-07,momentum,False,0.75,0.25,-0.008434973902250287,3505.0094837732136
2012-08-31,3069.08,2625.15,0.025480984489544944,-0.08563536873783095,1.1691065272460621,2012-08,momentum,False,0.75,0.25,-0.00229810381729903,3496.9546080988853
2012-09-28,3310.35,2999.09,0.07861313488081123,0.14244519360798424,1.1037848147271339,2012-09,momentum,False,0.75,0.25,0.09457114956260448,3827.6656253550436
2012-10-31,3284.26,2849.41,-0.0078813418520699,-0.04990847223657857,1.1526105404276676,2012-10,momentum,False,0.75,0.25,-0.01838812444819707,3757.2820334899293
2012-11-30,3503.34,3043.52,0.0667060464153264,0.06812287455999666,1.1510816423089056,2012-11,momentum,False,0.75,0.25,0.06706025345149397,4009.2463189445084
2012-12-31,3530.15,3289.02,0.007652697140443143,0.08066317947639567,1.073313631416045,2012-12,momentum,False,0.75,0.25,0.025905317724431276,4113.107118672272
2013-01-31,3458.32,3328.51,-0.020347577298415076,0.012006615952472321,1.038999432178362,2013-01,momentum,False,0.75,0.25,-0.012259028985693227,4062.684419283208
2013-02-28,3350.37,2875.75,-0.031214578176687047,-0.136024827926009,1.1650421629140224,2013-02,value,True,0.5,0.5,-0.08361970305134803,3722.9639545514083
2013-03-28,3387.39,2698.46,0.01104952587326169,-0.0616500043466921,1.2553048775968514,2013-03,momentum,False,0.75,0.25,-0.007125356681726758,3696.436508462017
2013-04-30,3616.11,2928.62,0.06752101175241121,0.0852930930975444,1.2347487895322713,2013-04,momentum,False,0.75,0.25,0.07196403208869451,3962.4469839708
2013-05-31,3700.28,2818.6,0.023276393693775876,-0.03756718181259433,1.312807776910523,2013-05,momentum,False,0.75,0.25,0.008065499817183325,3994.4060993956155
2013-06-28,3596.75,2526.57,-0.027978963754094366,-0.10360817427091451,1.4235702949057416,2013-06,momentum,False,0.75,0.25,-0.0468862663832994,3807.1233109762766
2013-07-31,3615.43,2230.09,0.00519357753527494,-0.11734485884024581,1.6212036285531075,2013-07,momentum,False,0.75,0.25,-0.025441031558605248,3710.2661666742274
2013-08-30,3400.18,2095.98,-0.0595364866696354,-0.06013658641579489,1.6222387618202463,2013-08,momentum,False,0.75,0.25,-0.059686511606175274,3488.8133220550267
2013-09-30,3662.99,2288.99,0.07729296684293185,0.09208580234544206,1.6002647455864814,2013-09,momentum,False,0.75,0.25,0.0809911757185594,3771.376414870836
2013-10-31,3870.88,2596.77,0.05675418169309787,0.1344610505069923,1.4906518482576432,2013-10,momentum,False,0.75,0.25,0.07618089889657148,4058.6832602330255
2013-11-29,3817.23,2679.42,-0.013859897491009798,0.03182800170981648,1.4246478715542916,2013-11,momentum,False,0.75,0.25,-0.002437922690803229,4048.7885042181206
2013-12-31,3939.08,2841.97,0.03192105270051848,0.06066611430832025,1.3860385577609897,2013-12,momentum,False,0.75,0.25,0.039107318102468924,4207.125764182198
2014-01-31,3905.98,2544.74,-0.008402977344963758,-0.10458590344021934,1.5349230176756763,2014-01,momentum,False,0.75,0.25,-0.032448708868777654,4070.6099650859164
2014-02-28,4026.95,2526.73,0.03097046067824194,-0.007077343854381857,1.593739734755989,2014-02,momentum,False,0.75,0.25,0.02145850954508599,4157.959187876035
2014-03-31,4056.39,3084.5,0.007310743863221614,0.22074776489771364,1.3150883449505593,2014-03,momentum,False,0.75,0.25,0.06066999912184462,4410.22256815314
2014-04-30,4182.03,3180.98,0.030973353153912697,0.03127897552277514,1.314698614892266,2014-04,momentum,False,0.75,0.25,0.03104975874612831,4547.158914911025
2014-05-30,4379.65,4156.19,0.047254562975397096,0.3065753321303497,1.0537655881949575,2014-05,momentum,False,0.75,0.25,0.11208475526413525,5056.826109035958
2014-06-30,4821.33,4496.53,0.10084824129782066,0.08188749792478212,1.0722334778151152,2014-06,momentum,False,0.75,0.25,0.09610805545456103,5542.8278331472575
2014-07-31,4843.79,4120.41,0.0046584656101118505,-0.08364672313984334,1.1755601991063995,2014-07,momentum,False,0.75,0.25,-0.017417831577376947,5446.283791487102
2014-08-28,5155.69,4040.1,0.06439172631348589,-0.019490778830262068,1.2761293037301056,2014-08,momentum,False,0.75,0.25,0.0434211000275489,5682.767424775681
2014-09-30,5300.4,3834.49,0.028068018053839516,-0.050892304645924646,1.3822959507000931,2014-09,momentum,False,0.75,0.25,0.008327937378898476,5730.093156028057
2014-10-31,5611.14,4196.27,0.058625764093276134,0.09434892254250249,1.3371732514828645,2014-10,momentum,False,0.75,0.25,0.06755655370558272,6117.198502061258
2014-11-28,5881.96,4351.82,0.04826470200351429,0.03706863476373057,1.3516092117780607,2014-11,momentum,False,0.75,0.25,0.04546568519356836,6395.321123422545
2014-12-31,5826.1,4246.19,-0.009496834388537101,-0.02427260318671276,1.3720770855755398,2014-12,momentum,False,0.75,0.25,-0.013190776588081016,6310.961871274442
2015-01-30,6361.32,4128.34,0.09186591373302888,-0.02775429267178331,1.5408905274274889,2015-01,momentum,False,0.75,0.25,0.06196086213182583,6701.994509699689
2015-02-28,6405.13,4029.88,0.006886935415920004,-0.023849779814647087,1.5894096102117183,2015-02,momentum,False,0.75,0.25,-0.0007972433917217692,6696.651388865475
2015-03-31,6441.12,3758.23,0.005618933573557472,-0.06740895510536293,1.7138706252677456,2015-03,momentum,False,0.75,0.25,-0.01263803859617263,6612.01885014788
2015-04-30,6207.59,3777.11,-0.0362561169486052,0.005023641448234972,1.6434760968041704,2015-04,momentum,False,0.75,0.25,-0.025936177349395156,6440.528356612901
2015-05-29,6493.35,3773.08,0.046033968093897926,-0.0010669533055696068,1.7209680155204767,2015-05,momentum,False,0.75,0.25,0.03425873774403104,6661.172728515097
2015-06-30,6454.93,3499.0,-0.005916822595424587,-0.07264091935500971,1.8447927979422694,2015-06,momentum,False,0.75,0.25,-0.02259784678532087,6510.644567785555
2015-07-31,6890.03,3576.99,0.06740584328567456,0.022289225492997833,1.9262089074892579,2015-07,momentum,False,0.75,0.25,0.05612668883750538,6876.06548957325
2015-08-31,6562.2,3276.41,-0.04758034435263703,-0.08403154607644969,2.0028628895651033,2015-08,momentum,False,0.75,0.25,-0.056693144783590194,6486.239713231425
2015-09-30,6579.23,3227.98,0.0025951662552192722,-0.01478142234946167,2.0381879689465237,2015-09,momentum,False,0.75,0.25,-0.0017489808959509634,6474.895403886425
2015-10-30,6586.36,3323.76,0.001083713443670531,0.029671807136351536,1.9815991527667458,2015-10,momentum,False,0.75,0.25,0.008230736866840782,6528.188564196131
2015-11-30,6348.9,3340.03,-0.0360532980280458,0.004895058608323177,1.9008511899593714,2015-11,momentum,False,0.75,0.25,-0.025816208868953555,6359.655484686929
2015-12-31,6403.94,3275.29,0.00866921828978251,-0.01938305943359797,1.9552283919897169,2015-12,value,True,0.5,0.5,-0.005356920571907731,6325.587315390765
2016-01-29,6045.81,2895.04,-0.055923384666314635,-0.11609658992028182,2.088333839946944,2016-01,value,True,0.5,0.5,-0.08600998729329823,5781.523630771357
2016-02-29,5552.91,2578.87,-0.08152753725307282,-0.10921092627390294,2.15323378068689,2016-02,momentum,False,0.75,0.25,-0.08844838450828035,5270.1572056331825
2016-03-31,6084.35,3052.45,0.09570477461367122,0.18363857038160125,1.9932677029926782,2016-03,momentum,False,0.75,0.25,0.11768822355565373,5890.39264502318
2016-04-29,6265.79,3205.27,0.0298207696795878,0.050064702124523075,1.9548399978784938,2016-04,value,True,0.5,0.5,0.03994273590205544,6125.67104280275
2016-05-31,6407.14,3160.83,0.022559006924904867,-0.01386466662714847,2.0270435297058054,2016-05,momentum,False,0.75,0.25,0.013453088536891533,6208.080237689448
2016-06-30,6586.25,3385.53,0.027954750481494095,0.0710889228462146,1.9454117966758526,2016-06,momentum,False,0.75,0.25,0.03873829357267422,6448.5706724597785
2016-07-29,7181.84,3729.42,0.09042930347314493,0.10157641491878677,1.9257257160630876,2016-07,momentum,False,0.75,0.25,0.09321608133455539,7049.681160755418
2016-08-31,7417.2,3946.5,0.03277154601049315,0.05820744244413345,1.8794374762447739,2016-08,momentum,False,0.75,0.25,0.03913052011890322,7325.538851248211
2016-09-30,7375.19,3939.11,-0.005663862373941675,-0.0018725452932978337,1.872298564904255,2016-09,momentum,False,0.75,0.25,-0.004716033103780715,7290.991367522693
2016-10-30,7509.77,4160.18,0.018247665483872355,0.05612181431846275,1.8051550654058237,2016-10,momentum,False,0.75,0.25,0.027716202692519953,7493.069962094364
2016-11-30,7203.34,4120.19,-0.04080417908937295,-0.009612564840944526,1.7483028695278617,2016-11,momentum,False,0.75,0.25,-0.033006275527265844,7245.751630380398
2016-12-30,6948.67,3978.63,-0.03535443280478223,-0.034357638846752137,1.746498166454282,2016-12,value,True,0.5,0.5,-0.034856035825767184,6993.193451967248
2017-01-31,7826.06,4404.61,0.12626732885573788,0.10706700547675951,1.7767884103246374,2017-01,value,True,0.5,0.5,0.1166671671662487,7809.069521453826
2017-02-28,8086.43,4546.65,0.03326961459533906,0.03224803104020557,1.7785468421805066,2017-02,momentum,False,0.75,0.25,0.03301421870655569,8066.8798505298
2017-03-31,8405.11,4647.19,0.03940923250433137,0.022112984285133086,1.808643502847958,2017-03,momentum,False,0.75,0.25,0.0350851704495318,8349.90770508153
2017-04-28,8819.64,4796.42,0.0493188072493993,0.03211187836090201,1.8387964356749407,2017-04,momentum,False,0.75,0.25,0.04501707502727498,8725.796126712006
2017-05-31,8785.94,4623.01,-0.0038210176379079863,-0.03615404822763646,1.9004804229279193,2017-05,momentum,False,0.75,0.25,-0.011904275285340105,8621.921847535872
2017-06-30,8674.41,4413.16,-0.012694145418703173,-0.045392504017945146,1.965577953212664,2017-06,momentum,False,0.75,0.25,-0.020868735068513666,8441.993244718218
2017-07-31,9346.8,4718.65,0.07751420557709388,0.06922250722838053,1.9808207856060527,2017-07,momentum,False,0.75,0.25,0.07544128098991554,9078.868029207973
2017-08-31,9696.35,4803.06,0.03739782599392316,0.017888591016498534,2.0187859406295154,2017-08,momentum,False,0.75,0.25,0.032520517249567005,9374.117513558374
2017-09-29,9709.3,4686.41,0.0013355541002542104,-0.02428660062543475,2.0717990956830494,2017-09,momentum,False,0.75,0.25,-0.00506998458116803,9326.590882302577
2017-10-31,10288.22,5214.38,0.05962530769468444,0.11265979715816599,1.9730476106459442,2017-10,momentum,False,0.75,0.25,0.07288393006055482,10006.349479871726
2017-11-30,10081.61,5014.47,-0.020082191088448664,-0.038338210870707545,2.0105036025741505,2017-11,momentum,False,0.75,0.25,-0.024646196034013385,9759.731029005961
2017-12-29,10733.76,5198.76,0.06468708866936934,0.036751640751664594,2.0646769614292637,2017-12,momentum,False,0.75,0.25,0.057703226689943155,10322.899001005564
2018-01-31,10639.64,5251.56,-0.008768595534090595,0.010156268033146398,2.025996084972846,2018-01,momentum,False,0.75,0.25,-0.004037379642281347,10281.221538729576
2018-02-28,10279.74,4891.87,-0.033826332469895526,-0.06849202903518203,2.101392718939792,2018-02,momentum,False,0.75,0.25,-0.04249275661121715,9844.344094218337
2018-03-28,10115.02,4573.04,-0.016023751573483347,-0.06517548503946347,2.211880936969718,2018-03,momentum,False,0.75,0.25,-0.028311684939978377,9565.634125782091
2018-04-30,10954.05,4712.76,0.08294892150485111,0.030552980074523894,2.3243386041300638,2018-04,momentum,False,0.75,0.25,0.06984993614726931,10233.793058676112
2018-05-31,10694.31,4563.37,-0.023711777835595083,-0.031699046843038925,2.3435114838376023,2018-05,momentum,False,0.75,0.25,-0.025708595087456043,9970.696616721789
2018-06-29,10627.71,4236.9,-0.006227610757496338,-0.07154142662111562,2.5083693266303193,2018-06,momentum,False,0.75,0.25,-0.02255606472340116,9745.796938497617
2018-07-31,11000.7,4344.05,0.03509598963464389,0.025289716538035023,2.53236035496829,2018-07,momentum,False,0.75,0.25,0.03264442136049167,10063.942840251722
2018-08-31,11594.66,4484.99,0.0539929277227813,0.03244437794224275,2.585214236821041,2018-08,momentum,False,0.75,0.25,0.048605790277646665,10553.108735311222
2018-09-28,10631.94,4077.0,-0.08303132648995304,-0.09096787283806651,2.607785136129507,2018-09,momentum,False,0.75,0.25,-0.0850154630769814,9655.931309277
2018-10-31,10009.27,4001.69,-0.05856598137310787,-0.018471915624233448,2.501260717346921,2018-10,momentum,False,0.75,0.25,-0.04854246493588926,9187.208602273067
2018-11-30,10512.66,3877.23,0.050292378964699624,-0.03110185946437627,2.7113841582779457,2018-11,momentum,False,0.75,0.25,0.02994381935743065,9462.308717058564
2018-12-31,10471.19,4091.36,-0.003944767546938621,0.055227572261640434,2.5593421258456845,2018-12,momentum,False,0.75,0.25,0.010848317405206143,9564.958845407264
2019-01-31,10711.95,3808.51,0.022992611154988074,-0.06913349106409605,2.812635387592523,2019-01,momentum,False,0.75,0.25,-3.891439978295774e-05,9564.586630774846
2019-02-28,10660.86,3757.01,-0.004769439737862813,-0.013522348635030546,2.8375915954442497,2019-02,momentum,False,0.75,0.25,-0.006957666962154746,9498.039422367237
2019-03-29,11188.09,4237.79,0.049454734421050306,0.12796878368702758,2.640076549333497,2019-03,momentum,False,0.75,0.25,0.06908324673754462,10154.194823305557
2019-04-30,11474.94,4122.99,0.025638871335500468,-0.027089591508781763,2.7831597942270054,2019-04,momentum,False,0.75,0.25,0.01245675562442991,10280.683146782327
2019-05-31,11320.99,4156.05,-0.013416192154381723,0.008018452627825967,2.7239782966999915,2019-05,momentum,False,0.75,0.25,-0.0080575309588298,10197.846224049208
2019-06-28,11231.11,4137.89,-0.007939234996232614,-0.004369533571540241,2.714211832600673,2019-06,momentum,False,0.75,0.25,-0.00704680964005952,10125.983942969733
2019-07-31,10361.86,3644.97,-0.07739662419832061,-0.11912351464152027,2.8427833425240814,2019-07,value,True,0.5,0.5,-0.09826006941992044,9131.004057788527
2019-08-30,10283.03,3369.44,-0.0076077074965305025,-0.07559184300556654,3.051851346217769,2019-08,momentum,False,0.75,0.25,-0.02460374137378951,8906.347195467675
2019-09-30,10866.71,3470.53,0.05676147983619595,0.030002018139512865,3.131138471645541,2019-09,momentum,False,0.75,0.25,0.05007161441202518,9352.302378058755
2019-10-31,11114.52,3615.13,0.022804510288762847,0.041665105906014244,3.0744454556267686,2019-10,momentum,False,0.75,0.25,0.027519659193075696,9609.674552173525
2019-11-29,11261.47,3630.61,0.013221443661084686,0.004282003690047054,3.1018120921828563,2019-11,momentum,False,0.75,0.25,0.010986583668325278,9715.252045666353
2019-12-31,11490.82,3630.0,0.02036590249763126,-0.00016801584306769257,3.1655151515151516,2019-12,momentum,False,0.75,0.25,0.015232422912456522,9863.238873527052
2020-01-31,11817.43,3441.48,0.028423558980125163,-0.05193388429752066,3.433822076548462,2020-01,momentum,False,0.75,0.25,0.008334198160713707,9945.44106080548
2020-02-28,11475.15,3050.9,-0.02896399640192504,-0.11349186977695636,3.7612343898521745,2020-02,momentum,False,0.75,0.25,-0.05009596474568287,9447.214596043103
2020-03-31,9252.38,2233.84,-0.19370291455885114,-0.2678094988364089,4.141917057622748,2020-03,momentum,False,0.75,0.25,-0.21222956062824058,7442.236393164173
2020-04-30,10540.04,2567.26,0.1391706782471107,0.14925867564373463,4.1055600133995,2020-04,momentum,False,0.75,0.25,0.1416926775962667,8496.746795015986
2020-05-29,10210.7,2565.19,-0.031246560734114914,-0.0008063071134205568,3.9804848763639344,2020-05,momentum,False,0.75,0.25,-0.023636497328941325,8295.913462090899
2020-06-30,10878.78,2773.69,0.06542940248954521,0.08128052892768167,3.9221326103493905,2020-06,momentum,False,0.75,0.25,0.06939218409907932,8871.58501632234
2020-07-31,11586.35,2841.5,0.0650413005870143,0.024447577054393266,4.0775470702093966,2020-07,momentum,False,0.75,0.25,0.05489286970385904,9358.57177669003
2020-08-31,11659.47,3033.71,0.006310874434140024,0.06764385007918361,3.843304073230467,2020-08,momentum,False,0.75,0.25,0.02164411834540092,9561.129811768638
2020-09-30,12090.36,2796.83,0.0369562252829676,-0.07808261171964359,4.322879831809585,2020-09,momentum,False,0.75,0.25,0.008196516032314805,9639.497765557842
2020-10-30,12018.25,2813.95,-0.005964255820339548,0.0061212158050363286,4.2709536416780685,2020-10,momentum,False,0.75,0.25,-0.002942887913995579,9611.129804086595
2020-11-27,12700.75,3375.47,0.05678863395253053,0.19954867712645918,3.762661199773661,2020-11,momentum,False,0.75,0.25,0.0924786447460127,10499.954062846533
2020-12-31,13654.7,3682.44,0.07510973761392048,0.0909414096407315,3.708057700872248,2020-12,momentum,False,0.75,0.25,0.07906765562062323,11330.160814720048
2021-01-29,13206.2,3620.43,-0.03284583330281876,-0.01683937823834203,3.6476882580245995,2021-01,momentum,False,0.75,0.25,-0.028844219536699578,11003.35116879415
2021-02-26,14255.15,4333.19,0.07942860171737509,0.19687164231873,3.289758815099269,2021-02,momentum,False,0.75,0.25,0.10878936186771382,12200.39872085363
2021-03-31,14935.1,4304.29,0.04769855104997145,-0.006669451374160751,3.4698173217882626,2021-03,momentum,False,0.75,0.25,0.0341065504439384,12616.512235262584
2021-04-30,16351.85,4541.37,0.09486042945812212,0.05507993188191307,3.6006425373840933,2021-04,momentum,False,0.75,0.25,0.08491530506406986,13687.847220564476
2021-05-31,17124.4,4913.84,0.04724541871409049,0.08201710056656908,3.4849323543298114,2021-05,momentum,False,0.75,0.25,0.05593833917721014,14453.522660994246
2021-06-30,17842.65,4952.51,0.04194307537782338,0.00786960910408152,3.6027489091390024,2021-06,momentum,False,0.75,0.25,0.033424708809387915,14936.62744720787
2021-07-30,18737.05,5057.29,0.05012708314067682,0.02115694869874063,3.7049585845383595,2021-07,momentum,False,0.75,0.25,0.04288454953019277,15577.177986781691
2021-08-31,19420.55,5109.02,0.03647852783655914,0.01022879842761637,3.801228024161189,2021-08,momentum,False,0.75,0.25,0.029916095484323446,16043.186330810553
2021-09-30,19793.4,5544.06,0.019198735360224095,0.08515135975196797,3.5701994567158364,2021-09,momentum,False,0.75,0.25,0.035686891458160064,16615.717780041225
2021-10-29,20399.3,5521.41,0.030611213838956264,-0.004085453620631951,3.6945816376613942,2021-10,momentum,False,0.75,0.25,0.02193704697405921,16980.217561489702
2021-11-30,19942.7,5234.7,-0.022383120989445615,-0.05192695344124054,3.8097121133971386,2021-11,momentum,False,0.75,0.25,-0.029769079102394347,16474.73212172585
2021-12-31,20774.7,5258.2,0.041719526443259936,0.004489273501824265,3.9509147617055267,2021-12,momentum,False,0.75,0.25,0.03241196320790102,17008.710533115252
2022-01-31,19897.25,5565.47,-0.04223647032207445,0.05843634703891065,3.5751248322244122,2022-01,momentum,False,0.75,0.25,-0.017068265981828173,16718.40133772812
2022-02-28,19335.2,5359.45,-0.028247622158841024,-0.03701753850079159,3.607683624252489,2022-02,value,True,0.5,0.5,-0.03263258032981631,16172.836763088597
2022-03-31,20314.7,5533.28,0.05065890189912703,0.032434298295534125,3.671366711968308,2022-03,value,True,0.5,0.5,0.04154660009733058,16844.763144524044
2022-04-29,19443.35,5651.97,-0.04289258517231376,0.021450206748980793,3.440101415966468,2022-04,momentum,False,0.75,0.25,-0.02680688719199012,16393.207479132998
2022-05-31,17969.65,5362.18,-0.07579455186477624,-0.051272388211543896,3.3511836603769365,2022-05,momentum,False,0.75,0.25,-0.06966401095146815,15251.190893776986
2022-06-30,16361.5,4993.44,-0.08949256106824566,-0.06876680752977349,3.2765988977538534,2022-06,value,True,0.5,0.5,-0.07912968429900957,14044.368973168483
2022-07-29,17906.9,5528.76,0.09445344253277521,0.10720465250408551,3.238863687336763,2022-07,value,True,0.5,0.5,0.10082904751843036,15460.449319730458
2022-08-30,19405.55,5815.14,0.0836912028324277,0.05179823323855626,3.337073570025829,2022-08,momentum,False,0.75,0.25,0.07571796043395984,16631.08300961305
2022-09-30,19130.55,5476.39,-0.014171203598970394,-0.05825311170496328,3.4932775058021797,2022-09,momentum,False,0.75,0.25,-0.025191680625468615,16212.11807797922
2022-10-31,20019.85,5779.5,0.0464858563920012,0.05534850512837841,3.4639415174323034,2022-10,momentum,False,0.75,0.25,0.048701518576095504,17001.672847711776
2022-11-30,20264.3,6265.22,0.01221038119666229,0.08404187213426773,3.2344115609667337,2022-11,momentum,False,0.75,0.25,0.03016825393106365,17514.583631434416
2022-12-30,19444.95,6363.71,-0.04043317558464876,0.01572011836775089,3.055599642346996,2022-12,momentum,False,0.75,0.25,-0.02639485209654885,17052.28878695007
2023-01-31,18610.65,6353.61,-0.04290574159357563,-0.001587124491845171,2.929145792706824,2023-01,value,True,0.5,0.5,-0.0222464330427104,16672.936186226223
2023-02-28,17890.95,6091.08,-0.03867140588856388,-0.04131981660819595,2.9372377312397804,2023-02,value,True,0.5,0.5,-0.039995611248379914,16006.091912152871
2023-03-31,18257.05,6250.28,0.020462859713989312,0.02613658004820163,2.920997139328158,2023-03,value,True,0.5,0.5,0.02329971988109547,16379.029370097101
2023-04-28,19315.75,6652.59,0.057988557844777855,0.06436671637110658,2.903493225946586,2023-04,value,True,0.5,0.5,0.06117763710794222,17381.05968508123
2023-05-31,20459.9,6760.69,0.05923404475622229,0.016249310418949614,3.0263035281901702,2023-05,momentum,False,0.75,0.25,0.04848786117190412,18223.83009411203
2023-06-30,21312.9,7128.32,0.0416913083641659,0.05437758571980078,2.989891026216556,2023-06,momentum,False,0.75,0.25,0.04486287770307462,19041.403554905788
2023-07-31,22275.85,7776.77,0.045181556709785964,0.09096813835518058,2.8644090027093507,2023-07,momentum,False,0.75,0.25,0.05662820212113462,20119.684004083083
2023-08-31,22211.65,7570.67,-0.0028820449051325525,-0.026502005331262235,2.9339080953204935,2023-08,momentum,False,0.75,0.25,-0.008787035011664973,19942.89163631557
2023-09-29,23231.25,8287.24,0.045903838751285786,0.09465080369372858,2.8032553660808666,2023-09,momentum,False,0.75,0.25,0.058090579986896484,21101.38577808497
2023-10-31,22381.7,8028.41,-0.036569276298089815,-0.031232352387525864,2.7878122816348445,2023-10,momentum,False,0.75,0.25,-0.03523504532044883,20357.877493869866
2023-11-30,25061.65,9072.15,0.11973844703485437,0.13000581684293655,2.762481881362191,2023-11,momentum,False,0.75,0.25,0.12230528948687491,22847.753594095957
2023-12-29,27352.7,10255.35,0.0914165667464033,0.13042112398935202,2.6671639680752,2023-12,momentum,False,0.75,0.25,0.10116770605714048,25159.20841376943
2024-01-31,29048.5,11030.11,0.06199753589225199,0.07554690966178623,2.633563944511886,2024-01,momentum,False,0.75,0.25,0.06538487933463555,26804.240220058695
2024-02-29,29990.8,11458.52,0.03243885226431664,0.038840047832705116,2.617336270303669,2024-02,momentum,False,0.75,0.25,0.03403915115641376,27716.6338045421
2024-03-28,30781.15,11579.75,0.026353081611694362,0.010579900371077589,2.6581877847103783,2024-03,momentum,False,0.75,0.25,0.02240978630154017,28337.757645099933
2024-04-30,32577.95,12780.34,0.058373387608974925,0.1036801312636284,2.549067552193447,2024-04,momentum,False,0.75,0.25,0.0697000735226383,30312.901436430107
2024-05-31,34162.8,12904.01,0.048647935183153024,0.009676581374204352,2.6474561008554707,2024-05,momentum,False,0.75,0.25,0.038905096730915856,31492.22779900914
2024-06-28,35298.95,13443.75,0.03325693444331246,0.04182730794535949,2.6256773593677356,2024-06,momentum,False,0.75,0.25,0.03539952781882422,32607.037793056912
2024-07-31,37012.75,14325.58,0.048551019222951464,0.06559404927940493,2.583682475683358,2024-07,momentum,False,0.75,0.25,0.05281177673706483,34329.07339304087
2024-08-30,37102.65,14225.24,0.002428892746418443,-0.0070042539289857375,2.6082266450337572,2024-08,momentum,False,0.75,0.25,7.060607756739778e-05,34331.497234259674
2024-09-30,37588.9,14421.6,0.013105532893203042,0.013803633541507931,2.6064306318300328,2024-09,momentum,False,0.75,0.25,0.013280058055279265,34787.4215106553
2024-10-31,34516.1,13111.49,-0.081747537171878,-0.09084359571753486,2.632507823290869,2024-10,momentum,False,0.75,0.25,-0.08402155180829221,31864.528371920875
2024-11-29,34248.85,12981.63,-0.00774276352195058,-0.00990429005399085,2.6382549803067876,2024-11,momentum,False,0.75,0.25,-0.008283145154960647,31600.589858121893
2024-12-31,32825.0,12416.15,-0.04157365867759055,-0.04356001519069641,2.6437341688043396,2024-12,momentum,False,0.75,0.25,-0.04207024780586702,30271.14521197914
2025-01-31,29528.55,12022.55,-0.10042498095963448,-0.03170064794642469,2.4560970842292194,2025-01,momentum,False,0.75,0.25,-0.08324389770633203,27751.257096499627
2025-02-28,26676.7,11022.55,-0.09657941212826227,-0.0831770298314417,2.4201931494980746,2025-02,value,True,0.5,0.5,-0.08987822097985199,25257.023478711748
2025-03-28,28166.9,12398.7,0.05586148211735331,0.12484860581262969,2.271762362183132,2025-03,value,True,0.5,0.5,0.0903550439649915,27539.12294555557
2025-04-30,29270.6,12489.2,0.039184290781022924,0.007299152330486169,2.34367293341447,2025-04,value,True,0.5,0.5,0.023241721555754546,28179.179572945864
2025-05-30,30506.1,12803.55,0.042209589144055704,0.025169746661115155,2.382628255444779,2025-05,momentum,False,0.75,0.25,0.03794962852332057,29248.5689698311
2025-06-30,31901.15,13310.75,0.045730198222650564,0.03961401330099856,2.396645568431531,2025-06,momentum,False,0.75,0.25,0.044201151992237564,30541.38941242205
2025-07-31,30226.65,12814.7,-0.052490270726917365,-0.03726687076235369,2.358748156414118,2025-07,momentum,False,0.75,0.25,-0.048684420735776446,29054.49956041251
2025-08-29,29637.3,12405.55,-0.019497694914917818,-0.03192817623510513,2.3890355526357157,2025-08,momentum,False,0.75,0.25,-0.022605315244964647,28397.713438564697
2025-09-30,29844.65,13283.9,0.006996251345433135,0.07080298737258728,2.2466783098337086,2025-09,momentum,False,0.75,0.25,0.02294793535222167,29049.382330703796
2025-10-31,31443.35,14141.15,0.05356738980018183,0.06453300612019053,2.22353556818222,2025-10,value,True,0.5,0.5,0.05905019796018618,30764.754107952984
2025-11-28,32145.85,14112.2,0.022341767019099512,-0.0020472168105138966,2.2778765890506083,2025-11,momentum,False,0.75,0.25,0.01624452106169616,31264.512804017533
2025-12-31,31147.55,14708.9,-0.031055330625881727,0.04228256402261854,2.11759886871214,2025-12,momentum,False,0.75,0.25,-0.01272085696375666,30866.801408596086
